,Country,Region,iso_a3,wh_score,gdi,gii,efs,pdn,year,region_5,region_14,region_12,region_8,region_9,region_2,region_11,region_13,region_10,region_7,region_1,region_3,region_4,region_6
0,Albania,Southern Europe,ALB,4.65500020980835,0.97,0.256,65.65003359745437,105.135145985401,2015,0,0,0,0,0,0,0,0,0,0,1,0,0,0
1,Algeria,Northern Africa,DZA,6.355000019073486,0.858,0.442,48.88185778143785,16.680252672416,2015,0,0,0,0,0,1,0,0,0,0,0,0,0,0
2,Angola,Sub-Saharan Africa,AGO,3.865999937057495,0.838,0.575,47.885803839145936,22.366552498596306,2015,0,0,0,0,0,0,0,0,0,0,0,1,0,0
3,Armenia,Western Asia,ARM,4.360000133514403,0.977,0.301,67.12509156678911,102.75914998243799,2015,0,0,0,0,0,0,0,0,0,0,0,0,1,0
4,Australia,Australia and New Zealand,AUS,7.313000202178955,0.975,0.11,81.38728705367336,3.10011259648803,2015,1,0,0,0,0,0,0,0,0,0,0,0,0,0
5,Austria,Western Europe,AUT,7.11899995803833,0.9640000000000001,0.08900000000000001,71.18560722056027,104.73079268267401,2015,0,0,0,0,0,0,0,0,0,0,0,0,0,1
6,Azerbaijan,Western Asia,AZE,5.290999889373778,0.9440000000000001,0.31,61.02980785380421,116.731079539702,2015,0,0,0,0,0,0,0,0,0,0,0,0,1,0
7,Bahrain,Western Asia,BHR,6.2179999351501465,0.938,0.226,73.44074755841021,1763.3045580825399,2015,0,0,0,0,0,0,0,0,0,0,0,0,1,0
8,Bangladesh,Southern Asia,BGD,4.64300012588501,0.883,0.5489999999999999,53.92615273600198,1200.40159791042,2015,0,0,0,0,0,0,0,0,0,1,0,0,0,0
9,Belarus,Eastern Europe,BLR,5.802000045776367,1.015,0.153,49.774208070104144,46.751941760932,2015,0,0,0,1,0,0,0,0,0,0,0,0,0,0
10,Belgium,Western Europe,BEL,6.928999900817871,0.973,0.057,68.78363554813522,372.33143989432,2015,0,0,0,0,0,0,0,0,0,0,0,0,0,1
11,Belize,Latin America and the Caribbean,BLZ,5.9559998512268075,0.973,0.386,56.79799997922522,15.823454625164402,2015,0,0,0,0,1,0,0,0,0,0,0,0,0,0
12,Benin,Sub-Saharan Africa,BEN,3.483999967575073,0.883,0.622,58.78387171992971,93.7916991841078,2015,0,0,0,0,0,0,0,0,0,0,0,1,0,0
13,Bhutan,Southern Asia,BTN,5.196000099182129,0.894,0.495,57.407578346456546,19.0958367480163,2015,0,0,0,0,0,0,0,0,0,1,0,0,0,0
14,Bolivia,Latin America and the Caribbean,BOL,5.822000026702881,0.929,0.456,46.82191105168319,10.0339056586357,2015,0,0,0,0,1,0,0,0,0,0,0,0,0,0
15,Bosnia and Herzegovina,Southern Europe,BIH,5.163000106811523,0.9159999999999999,0.177,59.0356152820774,66.97970703125,2015,0,0,0,0,0,0,0,0,0,0,1,0,0,0
16,Botswana,Sub-Saharan Africa,BWA,3.973999977111816,0.987,0.469,69.82451916393937,3.74202177403702,2015,0,0,0,0,0,0,0,0,0,0,0,1,0,0
17,Brazil,Latin America and the Caribbean,BRA,6.952000141143799,1.0190000000000001,0.413,56.607279028600296,24.4637884744692,2015,0,0,0,0,1,0,0,0,0,0,0,0,0,0
18,Bulgaria,Eastern Europe,BGR,4.2170000076293945,0.992,0.23399999999999999,66.77403210618756,66.12003500368459,2015,0,0,0,1,0,0,0,0,0,0,0,0,0,0
19,Burkina Faso,Sub-Saharan Africa,BFA,3.739000082015991,0.865,0.623,58.5762945495084,66.1938011695906,2015,0,0,0,0,0,0,0,0,0,0,0,1,0,0
20,Burundi,Sub-Saharan Africa,BDI,2.9049999713897705,0.997,0.524,53.74075677408222,395.639797507788,2015,0,0,0,0,0,0,0,0,0,0,0,1,0,0
21,Cambodia,South-eastern Asia,KHM,3.9070000648498535,0.914,0.47600000000000003,57.52824220577874,87.93018354860641,2015,0,0,0,0,0,0,0,0,1,0,0,0,0,0
22,Cameroon,Sub-Saharan Africa,CMR,4.513000011444092,0.867,0.5770000000000001,51.909730319676335,49.286810094984205,2015,0,0,0,0,0,0,0,0,0,0,0,1,0,0
23,Canada,Northern America,CAN,7.403999805450439,0.9890000000000001,0.10800000000000001,79.05909245730177,3.92619659515413,2015,0,0,0,0,0,0,1,0,0,0,0,0,0,0
24,Chad,Sub-Saharan Africa,TCD,3.763000011444092,0.777,0.7070000000000001,45.937770049850435,11.206301620076196,2015,0,0,0,0,0,0,0,0,0,0,0,1,0,0
25,Chile,Latin America and the Caribbean,CHL,6.704999923706055,0.9620000000000001,0.33299999999999996,78.45803946396936,24.1675573408594,2015,0,0,0,0,1,0,0,0,0,0,0,0,0,0
26,China,Eastern Asia,CHN,5.244999885559082,0.958,0.165,52.74098635841312,146.05764223722602,2015,0,0,1,0,0,0,0,0,0,0,0,0,0,0
27,Colombia,Latin America and the Caribbean,COL,6.480999946594237,0.986,0.413,71.68598532157426,42.830704821991894,2015,0,0,0,0,1,0,0,0,0,0,0,0,0,0
28,Congo (Brazzaville),Sub-Saharan Africa,COG,4.236000061035156,0.929,0.5920000000000001,42.6977361475045,14.219897510981,2015,0,0,0,0,0,0,0,0,0,0,0,1,0,0
29,Congo (Kinshasa),Sub-Saharan Africa,COD,4.2719998359680185,0.825,0.659,44.995091453100216,33.6316111245892,2015,0,0,0,0,0,0,0,0,0,0,0,1,0,0
30,Costa Rica,Latin America and the Caribbean,CRI,7.0869998931884775,0.981,0.308,67.15766918415741,94.9432824128476,2015,0,0,0,0,1,0,0,0,0,0,0,0,0,0
31,Croatia,Southern Europe,HRV,5.48799991607666,0.986,0.15,61.509867472032546,75.11801286633309,2015,0,0,0,0,0,0,0,0,0,0,1,0,0,0
32,Cyprus,Western Asia,CYP,5.546000003814697,0.985,0.114,67.89928174658114,125.647727272727,2015,0,0,0,0,0,0,0,0,0,0,0,0,1,0
33,Czech Republic,Eastern Europe,CZE,6.5960001945495605,0.9840000000000001,0.134,72.54429262479502,136.589288952208,2015,0,0,0,1,0,0,0,0,0,0,0,0,0,0
34,Denmark,Northern Europe,DNK,7.526000022888184,0.98,0.044000000000000004,76.25922835183216,135.353250773994,2015,0,0,0,0,0,0,0,1,0,0,0,0,0,0
35,Dominican Republic,Latin America and the Caribbean,DOM,5.15500020980835,0.998,0.473,61.001057475471185,212.827157938315,2015,0,0,0,0,1,0,0,0,0,0,0,0,0,0
36,Ecuador,Latin America and the Caribbean,ECU,5.97599983215332,0.976,0.39299999999999996,49.248166273265454,65.27629247866,2015,0,0,0,0,1,0,0,0,0,0,0,0,0,0
37,El Salvador,Latin America and the Caribbean,SLV,6.067999839782715,0.972,0.397,65.72865500731858,305.26660231660196,2015,0,0,0,0,1,0,0,0,0,0,0,0,0,0
38,Estonia,Northern Europe,EST,5.517000198364258,1.018,0.14400000000000002,76.76284945211566,30.260110420980002,2015,0,0,0,0,0,0,0,1,0,0,0,0,0,0
39,Ethiopia,Sub-Saharan Africa,ETH,4.507999897003174,0.841,0.519,51.46882994831262,100.835458,2015,0,0,0,0,0,0,0,0,0,0,0,1,0,0
40,Finland,Northern Europe,FIN,7.4130001068115225,0.991,0.063,73.42978228163989,18.030110888091894,2015,0,0,0,0,0,0,0,1,0,0,0,0,0,0
41,France,Western Europe,FRA,6.478000164031982,0.987,0.086,62.51504939951667,121.61905874666701,2015,0,0,0,0,0,0,0,0,0,0,0,0,0,1
42,Gabon,Sub-Saharan Africa,GAB,4.120999813079834,0.9129999999999999,0.5429999999999999,58.26561266471639,7.558838824853492,2015,0,0,0,0,0,0,0,0,0,0,0,1,0,0
43,Georgia,Western Asia,GEO,4.251999855041504,0.98,0.37799999999999995,72.97374649338778,65.1750586094685,2015,0,0,0,0,0,0,0,0,0,0,0,0,1,0
44,Germany,Western Europe,DEU,6.99399995803833,0.968,0.076,73.77555082512883,234.153668555637,2015,0,0,0,0,0,0,0,0,0,0,0,0,0,1
45,Ghana,Sub-Saharan Africa,GHA,4.276000022888184,0.8959999999999999,0.555,62.9796916168295,122.392568339633,2015,0,0,0,0,0,0,0,0,0,0,0,1,0,0
46,Greece,Southern Europe,GRC,5.0329999923706055,0.9620000000000001,0.126,53.989927986496646,83.947889837083,2015,0,0,0,0,0,0,0,0,0,0,1,0,0,0
47,Guatemala,Latin America and the Caribbean,GTM,6.323999881744385,0.9470000000000001,0.499,60.433956471735414,151.665070921986,2015,0,0,0,0,1,0,0,0,0,0,0,0,0,0
48,Haiti,Latin America and the Caribbean,HTI,4.027999877929688,0.88,0.614,51.338969102644704,388.082075471698,2015,0,0,0,0,1,0,0,0,0,0,0,0,0,0
49,Honduras,Latin America and the Caribbean,HND,4.870999813079834,0.97,0.475,57.38253968478339,81.44531236035391,2015,0,0,0,0,1,0,0,0,0,0,0,0,0,0
50,Hungary,Eastern Europe,HUN,5.144999980926514,0.986,0.261,66.79701552119998,108.726698332045,2015,0,0,0,1,0,0,0,0,0,0,0,0,0,0
51,Iceland,Northern Europe,ISL,7.500999927520753,0.9670000000000001,0.075,72.03706235284464,3.29990024937656,2015,0,0,0,0,0,0,0,1,0,0,0,0,0,0
52,India,Southern Asia,IND,4.40399980545044,0.8170000000000001,0.551,54.56897029799315,440.655458615157,2015,0,0,0,0,0,0,0,0,0,1,0,0,0,0
53,Indonesia,South-eastern Asia,IDN,5.314000129699707,0.9329999999999999,0.467,58.128301798786275,142.629462841624,2015,0,0,0,0,0,0,0,0,1,0,0,0,0,0
54,Iran,Southern Asia,IRN,4.813000202178955,0.863,0.528,41.76086630713103,48.191394066651895,2015,0,0,0,0,0,0,0,0,0,1,0,0,0,0
55,Ireland,Northern Europe,IRL,6.9070000648498535,0.977,0.129,76.64252820735938,68.2531136594571,2015,0,0,0,0,0,0,0,1,0,0,0,0,0,0
56,Israel,Western Asia,ISR,7.267000198364258,0.973,0.114,70.54577149776642,387.250462107209,2015,0,0,0,0,0,0,0,0,0,0,0,0,1,0
57,Italy,Southern Europe,ITA,5.977000236511231,0.966,0.087,61.69620079437515,206.468287210172,2015,0,0,0,0,0,0,0,0,0,0,1,0,0,0
58,Ivory Coast,Sub-Saharan Africa,CIV,3.9159998893737793,0.7859999999999999,0.6629999999999999,58.488200264011745,73.03818553459121,2015,0,0,0,0,0,0,0,0,0,0,0,1,0,0
59,Jamaica,Latin America and the Caribbean,JAM,5.510000228881836,0.985,0.423,67.66291252967413,266.945614035088,2015,0,0,0,0,1,0,0,0,0,0,0,0,0,0
60,Japan,Eastern Asia,JPN,5.921000003814697,0.971,0.121,73.33442620759155,348.751920122888,2015,0,0,1,0,0,0,0,0,0,0,0,0,0,0
61,Jordan,Western Asia,JOR,5.302999973297119,0.8540000000000001,0.493,69.32038307926712,104.3768303672,2015,0,0,0,0,0,0,0,0,0,0,0,0,1,0
62,Kazakhstan,Central Asia,KAZ,5.9190001487731925,1.003,0.212,63.34708311061722,6.49805756195133,2015,0,1,0,0,0,0,0,0,0,0,0,0,0,0
63,Kenya,Sub-Saharan Africa,KEN,4.355999946594238,0.9279999999999999,0.56,55.56064266144044,84.1240046385775,2015,0,0,0,0,0,0,0,0,0,0,0,1,0,0
64,Kuwait,Western Asia,KWT,6.238999843597412,0.997,0.308,62.48329355011036,215.24079685746398,2015,0,0,0,0,0,0,0,0,0,0,0,0,1,0
65,Kyrgyzstan,Central Asia,KGZ,5.184999942779541,0.966,0.4,61.34791610458831,31.0578727841502,2015,0,1,0,0,0,0,0,0,0,0,0,0,0,0
66,Laos,South-eastern Asia,LAO,4.875999927520752,0.919,0.474,51.377080689876614,29.207816291161198,2015,0,0,0,0,0,0,0,0,1,0,0,0,0,0
67,Latvia,Northern Europe,LVA,5.559999942779541,1.0290000000000001,0.19899999999999998,69.70246547447935,31.803264715342607,2015,0,0,0,0,0,0,0,1,0,0,0,0,0,0
68,Lebanon,Western Asia,LBN,5.129000186920166,0.888,0.402,59.31221472341667,638.580449657869,2015,0,0,0,0,0,0,0,0,0,0,0,0,1,0
69,Liberia,Sub-Saharan Africa,LBR,3.621999979019165,0.8809999999999999,0.66,52.6976273953214,46.430959302325604,2015,0,0,0,0,0,0,0,0,0,0,0,1,0,0
70,Lithuania,Northern Europe,LTU,5.813000202178955,1.03,0.133,74.74291908904169,46.3672785315243,2015,0,0,0,0,0,0,0,1,0,0,0,0,0,0
71,Luxembourg,Western Europe,LUX,6.870999813079834,0.968,0.077,73.15827976838844,234.404938271605,2015,0,0,0,0,0,0,0,0,0,0,0,0,0,1
72,Macedonia,Southern Europe,MKD,5.120999813079834,0.946,0.162,67.11312014434205,82.4475812846947,2015,0,0,0,0,0,0,0,0,0,0,1,0,0,0
73,Malawi,Sub-Saharan Africa,MWI,4.1560001373291025,0.929,0.624,54.762822425746755,177.61246287653805,2015,0,0,0,0,0,0,0,0,0,0,0,1,0,0
74,Malaysia,South-eastern Asia,MYS,6.005000114440918,0.9740000000000001,0.28600000000000003,70.84021832033348,92.13502358849493,2015,0,0,0,0,0,0,0,0,1,0,0,0,0,0
75,Mali,Sub-Saharan Africa,MLI,4.072999954223634,0.8079999999999999,0.6779999999999999,56.39905289735485,14.291854547242599,2015,0,0,0,0,0,0,0,0,0,0,0,1,0,0
76,Malta,Southern Europe,MLT,6.48799991607666,0.9620000000000001,0.19699999999999998,66.48782856323805,1390.790625,2015,0,0,0,0,0,0,0,0,0,0,1,0,0,0
77,Mauritania,Sub-Saharan Africa,MRT,4.201000213623047,0.84,0.625,53.32305382673599,3.92577956728437,2015,0,0,0,0,0,0,0,0,0,0,0,1,0,0
78,Mauritius,Sub-Saharan Africa,MUS,5.6479997634887695,0.966,0.379,76.35276356449094,621.972906403941,2015,0,0,0,0,0,0,0,0,0,0,0,1,0,0
79,Mexico,Latin America and the Caribbean,MEX,6.777999877929688,0.956,0.35200000000000004,66.43110707119546,62.6859013863525,2015,0,0,0,0,1,0,0,0,0,0,0,0,0,0
80,Moldova,Eastern Europe,MDA,5.896999835968018,1.011,0.24,57.51278128509472,123.806319016268,2015,0,0,0,1,0,0,0,0,0,0,0,0,0,0
81,Mongolia,Eastern Asia,MNG,4.9070000648498535,1.03,0.321,59.23528090911154,1.93004389917351,2015,0,0,1,0,0,0,0,0,0,0,0,0,0,0
82,Montenegro,Southern Europe,MNE,5.160999774932861,0.966,0.159,64.74030472901964,46.257174721189614,2015,0,0,0,0,0,0,0,0,0,0,1,0,0,0
83,Morocco,Northern Africa,MAR,5.151000022888184,0.823,0.504,60.123242825636645,77.6688393457316,2015,0,0,0,0,0,1,0,0,0,0,0,0,0,0
84,Namibia,Sub-Saharan Africa,NAM,4.573999881744385,1.001,0.47700000000000004,59.63380457851265,2.81177227951269,2015,0,0,0,0,0,0,0,0,0,0,0,1,0,0
85,Nepal,Southern Asia,NPL,4.793000221252441,0.892,0.499,51.285007298923645,188.455047087548,2015,0,0,0,0,0,0,0,0,0,1,0,0,0,0
86,Netherlands,Western Europe,NLD,7.339000225067139,0.966,0.048,73.69710099108495,502.81754229741796,2015,0,0,0,0,0,0,0,0,0,0,0,0,0,1
87,New Zealand,Australia and New Zealand,NZL,7.334000110626222,0.961,0.156,82.06730709954998,17.4535718354791,2015,1,0,0,0,0,0,0,0,0,0,0,0,0,0
88,Nicaragua,Latin America and the Caribbean,NIC,5.992000102996826,1.0070000000000001,0.469,57.589746706536204,51.713810869203904,2015,0,0,0,0,1,0,0,0,0,0,0,0,0,0
89,Niger,Sub-Saharan Africa,NER,3.8559999465942383,0.27,0.667,54.620701772387505,15.790371042867301,2015,0,0,0,0,0,0,0,0,0,0,0,1,0,0
90,Norway,Northern Europe,NOR,7.498000144958496,0.993,0.054000000000000006,71.81841294647222,14.2105725713798,2015,0,0,0,0,0,0,0,1,0,0,0,0,0,0
91,Pakistan,Southern Asia,PAK,5.131999969482422,0.741,0.551,55.620970063097715,258.700399543379,2015,0,0,0,0,0,0,0,0,0,1,0,0,0,0
92,Panama,Latin America and the Caribbean,PAN,6.701000213623048,1.004,0.467,64.10180605307013,53.3829297820823,2015,0,0,0,0,1,0,0,0,0,0,0,0,0,0
93,Paraguay,Latin America and the Caribbean,PRY,5.538000106811523,0.966,0.48200000000000004,61.11801005386445,16.8355046564309,2015,0,0,0,0,1,0,0,0,0,0,0,0,0,0
94,Peru,Latin America and the Caribbean,PER,5.743000030517577,0.9440000000000001,0.402,67.7141898650076,23.8052609375,2015,0,0,0,0,1,0,0,0,0,0,0,0,0,0
95,Philippines,South-eastern Asia,PHL,5.27899980545044,1.002,0.43,62.199787478689395,342.46641848609903,2015,0,0,0,0,0,0,0,0,1,0,0,0,0,0
96,Poland,Eastern Europe,POL,5.835000038146973,1.008,0.142,68.61430377509353,124.061569613639,2015,0,0,0,1,0,0,0,0,0,0,0,0,0,0
97,Portugal,Southern Europe,PRT,5.123000144958496,0.9840000000000001,0.099,65.3194369864611,113.07252488776301,2015,0,0,0,0,0,0,0,0,0,0,1,0,0,0
98,Qatar,Western Asia,QAT,6.375,1.043,0.539,70.78026326529532,220.991386735573,2015,0,0,0,0,0,0,0,0,0,0,0,0,1,0
99,Romania,Eastern Europe,ROU,5.527999877929688,0.986,0.34600000000000003,66.5977581501638,86.1243089360223,2015,0,0,0,1,0,0,0,0,0,0,0,0,0,0
100,Russia,Eastern Europe,RUS,5.855999946594237,1.0170000000000001,0.28,52.09283415870756,8.79880404497318,2015,0,0,0,1,0,0,0,0,0,0,0,0,0,0
101,Rwanda,Sub-Saharan Africa,RWA,3.515000104904175,0.94,0.415,64.82566271486183,460.84600729631103,2015,0,0,0,0,0,0,0,0,0,0,0,1,0,0
102,Saudi Arabia,Western Asia,SAU,6.379000186920166,0.878,0.254,62.089829421233986,14.754530653257001,2015,0,0,0,0,0,0,0,0,0,0,0,0,1,0
103,Senegal,Sub-Saharan Africa,SEN,4.2189998626708975,0.88,0.531,57.81062857981694,75.7204539552278,2015,0,0,0,0,0,0,0,0,0,0,0,1,0,0
104,Serbia,Southern Europe,SRB,5.177000045776367,0.972,0.184,60.013558866911715,81.12717813857759,2015,0,0,0,0,0,0,0,0,0,0,1,0,0,0
105,Sierra Leone,Sub-Saharan Africa,SLE,4.635000228881836,0.877,0.653,51.697004305039606,99.36151288445551,2015,0,0,0,0,0,0,0,0,0,0,0,1,0,0
106,Singapore,South-eastern Asia,SGP,6.738999843597412,0.982,0.068,89.35154358055641,7806.772751591121,2015,0,0,0,0,0,0,0,0,1,0,0,0,0,0
107,Slovakia,Eastern Europe,SVK,6.078000068664551,0.992,0.18600000000000003,67.24184913168547,112.80314420534401,2015,0,0,0,1,0,0,0,0,0,0,0,0,0,0
108,Slovenia,Southern Europe,SVN,5.76800012588501,1.002,0.063,60.2754227123104,102.446108744427,2015,0,0,0,0,0,0,0,0,0,0,1,0,0,0
109,South Africa,Sub-Saharan Africa,ZAF,4.459000110626222,0.982,0.42700000000000005,62.587596220161686,45.6572612089787,2015,0,0,0,0,0,0,0,0,0,0,0,1,0,0
110,South Korea,Eastern Asia,KOR,5.835000038146973,0.932,0.068,71.53908606635466,523.5255477448819,2015,0,0,1,0,0,0,0,0,0,0,0,0,0,0
111,Spain,Southern Europe,ESP,6.361000061035156,0.978,0.084,67.63427420205832,92.9526830143124,2015,0,0,0,0,0,0,0,0,0,0,1,0,0,0
112,Sri Lanka,Southern Asia,LKA,4.414999961853027,0.94,0.39799999999999996,58.63233832438078,334.396428001914,2015,0,0,0,0,0,0,0,0,0,1,0,0,0,0
113,Suriname,Latin America and the Caribbean,SUR,6.269000053405763,0.9740000000000001,0.46799999999999997,54.15339893058072,3.58425,2015,0,0,0,0,1,0,0,0,0,0,0,0,0,0
114,Sweden,Northern Europe,SWE,7.290999889373778,0.9840000000000001,0.045,72.66010048250364,24.058299575262108,2015,0,0,0,0,0,0,0,1,0,0,0,0,0,0
115,Switzerland,Western Europe,CHE,7.508999824523926,0.965,0.047,80.50857455125784,209.596006562314,2015,0,0,0,0,0,0,0,0,0,0,0,0,0,1
116,Tajikistan,Central Asia,TJK,4.995999813079834,0.7959999999999999,0.384,52.699161261523074,60.912371208300286,2015,0,1,0,0,0,0,0,0,0,0,0,0,0,0
117,Tanzania,Sub-Saharan Africa,TZA,3.6659998893737793,0.929,0.544,57.53293349922617,58.119928877850505,2015,0,0,0,0,0,0,0,0,0,0,0,1,0,0
118,Thailand,South-eastern Asia,THA,6.473999977111816,0.998,0.37799999999999995,62.42649943906736,134.499620270508,2015,0,0,0,0,0,0,0,0,1,0,0,0,0,0
119,Togo,Sub-Saharan Africa,TGO,3.3029999732971187,0.797,0.573,53.03495690716032,134.64162529876802,2015,0,0,0,0,0,0,0,0,0,0,0,1,0,0
120,Trinidad and Tobago,Latin America and the Caribbean,TTO,6.168000221252441,0.99,0.33399999999999996,64.1046133475271,267.12046783625703,2015,0,0,0,0,1,0,0,0,0,0,0,0,0,0
121,Tunisia,Northern Africa,TUN,5.045000076293945,0.897,0.297,57.74792750347824,71.9615666838311,2015,0,0,0,0,0,1,0,0,0,0,0,0,0,0
122,Turkey,Western Asia,TUR,5.388999938964844,0.9179999999999999,0.33299999999999996,63.186294305486676,102.035275392072,2015,0,0,0,0,0,0,0,0,0,0,0,0,1,0
123,Uganda,Sub-Saharan Africa,UGA,3.739000082015991,0.861,0.536,59.70511481033215,190.63162278077,2015,0,0,0,0,0,0,0,0,0,0,0,1,0,0
124,Ukraine,Eastern Europe,UKR,4.323999881744385,0.995,0.298,46.85317100578124,77.9471922525851,2015,0,0,0,1,0,0,0,0,0,0,0,0,0,0
125,United Arab Emirates,Western Asia,ARE,6.572999954223633,0.961,0.17800000000000002,72.3885193246777,130.426640382991,2015,0,0,0,0,0,0,0,0,0,0,0,0,1,0
126,United Kingdom,Northern Europe,GBR,6.7249999046325675,0.9670000000000001,0.146,75.83993851835137,269.205394122267,2015,0,0,0,0,0,0,0,1,0,0,0,0,0,0
127,United States,Northern America,USA,7.1040000915527335,0.993,0.21899999999999997,76.18207475944084,35.0637308661896,2015,0,0,0,0,0,0,1,0,0,0,0,0,0,0
128,Uruguay,Latin America and the Caribbean,URY,6.545000076293945,1.011,0.28800000000000003,68.56057352249782,19.4949662895669,2015,0,0,0,0,1,0,0,0,0,0,0,0,0,0
129,Uzbekistan,Central Asia,UZB,5.986999988555907,0.94,0.303,47.00917245473436,73.575223319229,2015,0,1,0,0,0,0,0,0,0,0,0,0,0,0
130,Venezuela,Latin America and the Caribbean,VEN,6.084000110626222,1.021,0.47,34.335979500454,34.104448727396395,2015,0,0,0,0,1,0,0,0,0,0,0,0,0,0
131,Vietnam,South-eastern Asia,VNM,5.060999870300293,1.006,0.33299999999999996,51.69464151516274,298.890818202341,2015,0,0,0,0,0,0,0,0,1,0,0,0,0,0
132,Yemen,Western Asia,YEM,3.723999977111816,0.568,0.841,53.65139533526161,50.1882474383014,2015,0,0,0,0,0,0,0,0,0,0,0,0,1,0
133,Zambia,Sub-Saharan Africa,ZMB,4.795000076293945,0.935,0.5710000000000001,58.71388480535264,21.3607406610258,2015,0,0,0,0,0,0,0,0,0,0,0,1,0,0
134,Zimbabwe,Sub-Saharan Africa,ZWE,4.192999839782715,0.9229999999999999,0.54,37.64085649562379,35.7105570634613,2015,0,0,0,0,0,0,0,0,0,0,0,1,0,0
135,Albania,Southern Europe,ALB,4.644000053405762,0.966,0.249,65.92,104.967189781022,2016,0,0,0,0,0,0,0,0,0,0,1,0,0,0
136,Algeria,Northern Africa,DZA,5.872000217437744,0.8590000000000001,0.439,50.06,17.0259574932612,2016,0,0,0,0,0,1,0,0,0,0,0,0,0,0
137,Angola,Sub-Saharan Africa,AGO,3.795000076293945,0.902,0.5720000000000001,48.94,23.1350637683484,2016,0,0,0,0,0,0,0,0,0,0,0,1,0,0
138,Argentina,Latin America and the Caribbean,ARG,6.598999977111816,0.991,0.359,43.77,15.928135082892098,2016,0,0,0,0,1,0,0,0,0,0,0,0,0,0
139,Armenia,Western Asia,ARM,4.375999927520752,0.97,0.3,66.96,103.131225851774,2016,0,0,0,0,0,0,0,0,0,0,0,0,1,0
140,Australia,Australia and New Zealand,AUS,7.283999919891357,0.975,0.107,80.34,3.14493553058884,2016,1,0,0,0,0,0,0,0,0,0,0,0,0,0
141,Austria,Western Europe,AUT,7.00600004196167,0.9640000000000001,0.086,71.67,105.869493435483,2016,0,0,0,0,0,0,0,0,0,0,0,0,0,1
142,Azerbaijan,Western Asia,AZE,5.234000205993652,0.94,0.315,60.2,118.03328898028299,2016,0,0,0,0,0,0,0,0,0,0,0,0,1,0
143,Bahrain,Western Asia,BHR,6.0869998931884775,0.932,0.225,74.25,1832.6361749002301,2016,0,0,0,0,0,0,0,0,0,0,0,0,1,0
144,Bangladesh,Southern Asia,BGD,4.607999801635742,0.889,0.547,53.32,1213.57332718752,2016,0,0,0,0,0,0,0,0,0,1,0,0,0,0
145,Belarus,Eastern Europe,BLR,5.568999767303467,1.014,0.136,48.77,46.808351401608704,2016,0,0,0,1,0,0,0,0,0,0,0,0,0,0
146,Belgium,Western Europe,BEL,6.890999794006348,0.972,0.053,68.41,374.221334214003,2016,0,0,0,0,0,0,0,0,0,0,0,0,0,1
147,Belize,Latin America and the Caribbean,BLZ,5.9559998512268075,0.9790000000000001,0.384,57.35,16.1508110477861,2016,0,0,0,0,1,0,0,0,0,0,0,0,0,0
148,Benin,Sub-Saharan Africa,BEN,3.6570000648498535,0.883,0.618,59.31,96.4177633912735,2016,0,0,0,0,0,0,0,0,0,0,0,1,0,0
149,Bhutan,Southern Asia,BTN,5.011000156402588,0.892,0.491,59.53,19.3138899659506,2016,0,0,0,0,0,0,0,0,0,1,0,0,0,0
150,Bolivia,Latin America and the Caribbean,BOL,5.822999954223633,0.932,0.44799999999999995,47.4,10.1835253392412,2016,0,0,0,0,1,0,0,0,0,0,0,0,0,0
151,Bosnia and Herzegovina,Southern Europe,BIH,5.182000160217285,0.9209999999999999,0.17300000000000001,58.63,66.13802734375,2016,0,0,0,0,0,0,0,0,0,0,1,0,0,0
152,Botswana,Sub-Saharan Africa,BWA,3.766000032424927,0.988,0.467,71.07,3.8112399202442098,2016,0,0,0,0,0,0,0,0,0,0,0,1,0,0
153,Brazil,Latin America and the Caribbean,BRA,6.635000228881836,0.996,0.41,56.54,24.6661407920901,2016,0,0,0,0,1,0,0,0,0,0,0,0,0,0
154,Bulgaria,Eastern Europe,BGR,4.714000225067139,0.993,0.23199999999999998,65.86,65.6579034635225,2016,0,0,0,1,0,0,0,0,0,0,0,0,0,0
155,Burkina Faso,Sub-Saharan Africa,BFA,4.0320000648498535,0.8690000000000001,0.621,59.09,68.151966374269,2016,0,0,0,0,0,0,0,0,0,0,0,1,0,0
156,Burundi,Sub-Saharan Africa,BDI,2.9049999713897705,0.998,0.523,53.91,408.411137071651,2016,0,0,0,0,0,0,0,0,0,0,0,1,0,0
157,Cambodia,South-eastern Asia,KHM,4.168000221252441,0.917,0.475,57.9,89.3173181509177,2016,0,0,0,0,0,0,0,0,1,0,0,0,0,0
158,Cameroon,Sub-Saharan Africa,CMR,4.695000171661377,0.866,0.574,54.18,50.61568191914699,2016,0,0,0,0,0,0,0,0,0,0,0,1,0,0
159,Canada,Northern America,CAN,7.315999984741211,0.99,0.099,77.97,3.9709074933661497,2016,0,0,0,0,0,0,1,0,0,0,0,0,0,0
160,Central African Republic,Sub-Saharan Africa,CAF,2.693000078201294,0.789,0.693,45.23,7.28384057273107,2016,0,0,0,0,0,0,0,0,0,0,0,1,0,0
161,Chad,Sub-Saharan Africa,TCD,3.936000108718872,0.774,0.705,46.33,11.564220139771301,2016,0,0,0,0,0,0,0,0,0,0,0,1,0,0
162,Chile,Latin America and the Caribbean,CHL,6.651999950408936,0.961,0.326,77.66,24.4899577081939,2016,0,0,0,0,1,0,0,0,0,0,0,0,0,0
163,China,Eastern Asia,CHN,5.2729997634887695,0.9590000000000001,0.16399999999999998,51.96,146.850677605209,2016,0,0,1,0,0,0,0,0,0,0,0,0,0,0
164,Colombia,Latin America and the Caribbean,COL,6.35699987411499,0.987,0.41,70.79,43.4172077512393,2016,0,0,0,0,1,0,0,0,0,0,0,0,0,0
165,Congo (Brazzaville),Sub-Saharan Africa,COG,4.290999889373778,0.93,0.59,42.8,14.5856486090776,2016,0,0,0,0,0,0,0,0,0,0,0,1,0,0
166,Congo (Kinshasa),Sub-Saharan Africa,COD,4.2800002098083505,0.8370000000000001,0.6559999999999999,46.38,34.7540314505635,2016,0,0,0,0,0,0,0,0,0,0,0,1,0,0
167,Costa Rica,Latin America and the Caribbean,CRI,7.078999996185303,0.977,0.309,67.37,95.9527027027027,2016,0,0,0,0,1,0,0,0,0,0,0,0,0,0
168,Croatia,Southern Europe,HRV,5.293000221252441,0.986,0.158,59.13,74.59522873481059,2016,0,0,0,0,0,0,0,0,0,0,1,0,0,0
169,Cyprus,Western Asia,CYP,5.620999813079834,0.985,0.09,68.74,126.643614718615,2016,0,0,0,0,0,0,0,0,0,0,0,0,1,0
170,Czech Republic,Eastern Europe,CZE,6.609000205993652,0.9840000000000001,0.135,73.22,136.834136234136,2016,0,0,0,1,0,0,0,0,0,0,0,0,0,0
171,Denmark,Northern Europe,DNK,7.521999835968018,0.981,0.042,75.26,136.41366992141002,2016,0,0,0,0,0,0,0,1,0,0,0,0,0,0
172,Dominican Republic,Latin America and the Caribbean,DOM,5.230000019073486,1.005,0.457,61.01,215.22962119644,2016,0,0,0,0,1,0,0,0,0,0,0,0,0,0
173,Ecuador,Latin America and the Caribbean,ECU,6.007999897003174,0.98,0.387,48.56,66.40004429054599,2016,0,0,0,0,1,0,0,0,0,0,0,0,0,0
174,Egypt,Northern Africa,EGY,4.735000133514403,0.8740000000000001,0.452,55.96,94.8787704053443,2016,0,0,0,0,0,1,0,0,0,0,0,0,0,0
175,El Salvador,Latin America and the Caribbean,SLV,6.002999782562256,0.972,0.39399999999999996,65.12,306.763658301158,2016,0,0,0,0,1,0,0,0,0,0,0,0,0,0
176,Estonia,Northern Europe,EST,5.611000061035156,1.0170000000000001,0.132,77.22,30.2689210950081,2016,0,0,0,0,0,0,0,1,0,0,0,0,0,0
177,Ethiopia,Sub-Saharan Africa,ETH,4.460000038146973,0.8420000000000001,0.515,51.52,103.603501,2016,0,0,0,0,0,0,0,0,0,0,0,1,0,0
178,Finland,Northern Europe,FIN,7.4689998626708975,0.99,0.059000000000000004,72.56,18.0820078312658,2016,0,0,0,0,0,0,0,1,0,0,0,0,0,0
179,France,Western Europe,FRA,6.441999912261963,0.986,0.08,62.32,122.105587096777,2016,0,0,0,0,0,0,0,0,0,0,0,0,0,1
180,Gabon,Sub-Saharan Africa,GAB,4.4650001525878915,0.9129999999999999,0.542,58.96,7.792420537897309,2016,0,0,0,0,0,0,0,0,0,0,0,1,0,0
181,Georgia,Western Asia,GEO,4.285999774932861,0.978,0.35600000000000004,72.62,65.2140557752196,2016,0,0,0,0,0,0,0,0,0,0,0,0,1,0
182,Germany,Western Europe,DEU,6.951000213623048,0.9690000000000001,0.076,74.37,235.712929356538,2016,0,0,0,0,0,0,0,0,0,0,0,0,0,1
183,Ghana,Sub-Saharan Africa,GHA,4.119999885559082,0.9059999999999999,0.5529999999999999,63.0,125.173358530368,2016,0,0,0,0,0,0,0,0,0,0,0,1,0,0
184,Greece,Southern Europe,GRC,5.227000236511231,0.9620000000000001,0.122,53.21,83.59946470131891,2016,0,0,0,0,0,0,0,0,0,0,1,0,0,0
185,Guatemala,Latin America and the Caribbean,GTM,6.453999996185303,0.946,0.49200000000000005,61.81,154.750466592012,2016,0,0,0,0,1,0,0,0,0,0,0,0,0,0
186,Haiti,Latin America and the Caribbean,HTI,3.6029999256134033,0.888,0.765,51.3,393.322568940493,2016,0,0,0,0,1,0,0,0,0,0,0,0,0,0
187,Honduras,Latin America and the Caribbean,HND,5.181000232696533,0.9690000000000001,0.473,57.74,82.8563321118956,2016,0,0,0,0,1,0,0,0,0,0,0,0,0,0
188,Hungary,Eastern Europe,HUN,5.323999881744385,0.9840000000000001,0.265,66.01,108.40630730144699,2016,0,0,0,1,0,0,0,0,0,0,0,0,0,0
189,Iceland,Northern Europe,ISL,7.504000186920166,0.966,0.064,73.34,3.3460249376558595,2016,0,0,0,0,0,0,0,1,0,0,0,0,0,0
190,India,Southern Asia,IND,4.315000057220459,0.825,0.5379999999999999,56.24,445.484341397623,2016,0,0,0,0,0,0,0,0,0,1,0,0,0,0
191,Indonesia,South-eastern Asia,IDN,5.26200008392334,0.935,0.46399999999999997,59.44,144.379861666952,2016,0,0,0,0,0,0,0,0,1,0,0,0,0,0
192,Iran,Southern Asia,IRN,4.691999912261963,0.873,0.484,43.49,48.84944129276261,2016,0,0,0,0,0,0,0,0,0,1,0,0,0,0
193,Ireland,Northern Europe,IRL,6.977000236511231,0.975,0.109,77.31,69.027943097692,2016,0,0,0,0,0,0,0,1,0,0,0,0,0,0
194,Israel,Western Asia,ISR,7.2129998207092285,0.972,0.11,70.7,394.916820702403,2016,0,0,0,0,0,0,0,0,0,0,0,0,1,0
195,Italy,Southern Europe,ITA,5.964000225067139,0.9670000000000001,0.084,61.17,206.11782824505298,2016,0,0,0,0,0,0,0,0,0,0,1,0,0,0
196,Ivory Coast,Sub-Saharan Africa,CIV,4.179999828338623,0.7909999999999999,0.66,60.01,74.9141949685535,2016,0,0,0,0,0,0,0,0,0,0,0,1,0,0
197,Jamaica,Latin America and the Caribbean,JAM,5.310999870300293,0.986,0.41200000000000003,67.46,268.35069252077597,2016,0,0,0,0,1,0,0,0,0,0,0,0,0,0
198,Japan,Eastern Asia,JPN,5.920000076293945,0.9740000000000001,0.10800000000000001,73.09,348.35009600614404,2016,0,0,1,0,0,0,0,0,0,0,0,0,0,0
199,Jordan,Western Asia,JOR,5.335999965667725,0.866,0.474,68.25,107.58579635052901,2016,0,0,0,0,0,0,0,0,0,0,0,0,1,0
200,Kazakhstan,Central Asia,KAZ,5.818999767303468,1.0,0.209,63.61,6.59112308775049,2016,0,1,0,0,0,0,0,0,0,0,0,0,0,0
201,Kenya,Sub-Saharan Africa,KEN,4.552999973297119,0.93,0.557,57.51,86.1856239238149,2016,0,0,0,0,0,0,0,0,0,0,0,1,0,0
202,Kuwait,Western Asia,KWT,6.105000019073486,1.0,0.28600000000000003,62.69,222.046745230079,2016,0,0,0,0,0,0,0,0,0,0,0,0,1,0
203,Kyrgyzstan,Central Asia,KGZ,5.004000186920166,0.96,0.396,59.61,31.697080291970806,2016,0,1,0,0,0,0,0,0,0,0,0,0,0,0
204,Latvia,Northern Europe,LVA,5.8499999046325675,1.03,0.19899999999999998,70.41,31.5139433901576,2016,0,0,0,0,0,0,0,1,0,0,0,0,0,0
205,Lebanon,Western Asia,LBN,5.224999904632568,0.888,0.39899999999999997,59.52,656.023558162268,2016,0,0,0,0,0,0,0,0,0,0,0,0,1,0
206,Lesotho,Sub-Saharan Africa,LSO,3.808000087738037,1.026,0.541,50.62,68.3465415019763,2016,0,0,0,0,0,0,0,0,0,0,0,1,0,0
207,Liberia,Sub-Saharan Africa,LBR,3.532999992370605,0.8809999999999999,0.6579999999999999,52.19,47.6203073089701,2016,0,0,0,0,0,0,0,0,0,0,0,1,0,0
208,Lithuania,Northern Europe,LTU,5.901999950408936,1.0290000000000001,0.134,75.23,45.7876649942685,2016,0,0,0,0,0,0,0,1,0,0,0,0,0,0
209,Luxembourg,Western Europe,LUX,6.86299991607666,0.968,0.07200000000000001,73.86,239.51193415637903,2016,0,0,0,0,0,0,0,0,0,0,0,0,0,1
210,Macedonia,Southern Europe,MKD,5.175000190734863,0.946,0.161,67.47,82.503766851705,2016,0,0,0,0,0,0,0,0,0,0,1,0,0,0
211,Malawi,Sub-Saharan Africa,MWI,3.9700000286102295,0.932,0.621,51.8,182.49139796351295,2016,0,0,0,0,0,0,0,0,0,0,0,1,0,0
212,Malaysia,South-eastern Asia,MYS,6.084000110626222,0.972,0.287,71.51,93.39462486683908,2016,0,0,0,0,0,0,0,0,1,0,0,0,0,0
213,Mali,Sub-Saharan Africa,MLI,4.190000057220459,0.813,0.6779999999999999,56.54,14.723468476220901,2016,0,0,0,0,0,0,0,0,0,0,0,1,0,0
214,Malta,Southern Europe,MLT,6.526999950408936,0.963,0.195,66.7,1422.9875,2016,0,0,0,0,0,0,0,0,0,0,1,0,0,0
215,Mauritania,Sub-Saharan Africa,MRT,4.291999816894531,0.8440000000000001,0.622,54.8,4.03952071407781,2016,0,0,0,0,0,0,0,0,0,0,0,1,0,0
216,Mauritius,Sub-Saharan Africa,MUS,5.629000186920166,0.9670000000000001,0.377,74.73,622.400492610837,2016,0,0,0,0,0,0,0,0,0,0,0,1,0,0
217,Mexico,Latin America and the Caribbean,MEX,6.578000068664551,0.9570000000000001,0.349,65.18,63.4447264590139,2016,0,0,0,0,1,0,0,0,0,0,0,0,0,0
218,Moldova,Eastern Europe,MDA,5.8379998207092285,1.01,0.237,57.4,123.73128505242599,2016,0,0,0,1,0,0,0,0,0,0,0,0,0,0
219,Mongolia,Eastern Asia,MNG,4.954999923706055,1.0270000000000001,0.314,59.35,1.9673260125132,2016,0,0,1,0,0,0,0,0,0,0,0,0,0,0
220,Montenegro,Southern Europe,MNE,5.236999988555908,0.9640000000000001,0.135,64.94,46.2678810408922,2016,0,0,0,0,0,0,0,0,0,0,1,0,0,0
221,Morocco,Northern Africa,MAR,5.235000133514403,0.8270000000000001,0.494,61.27,78.7055702442303,2016,0,0,0,0,0,1,0,0,0,0,0,0,0,0
222,Mozambique,Sub-Saharan Africa,MOZ,4.550000190734863,0.898,0.5720000000000001,53.19,35.3899412497775,2016,0,0,0,0,0,0,0,0,0,0,0,1,0,0
223,Namibia,Sub-Saharan Africa,NAM,4.573999881744385,1.0070000000000001,0.475,61.85,2.8641681545992297,2016,0,0,0,0,0,0,0,0,0,0,0,1,0,0
224,Nepal,Southern Asia,NPL,4.961999893188477,0.894,0.494,50.88,190.171824206488,2016,0,0,0,0,0,0,0,0,0,1,0,0,0,0
225,Netherlands,Western Europe,NLD,7.376999855041504,0.9670000000000001,0.045,74.55,505.500563965568,2016,0,0,0,0,0,0,0,0,0,0,0,0,0,1
226,New Zealand,Australia and New Zealand,NZL,7.314000129699707,0.963,0.152,81.56,17.8238578101857,2016,1,0,0,0,0,0,0,0,0,0,0,0,0,0
227,Nicaragua,Latin America and the Caribbean,NIC,6.071000099182129,1.011,0.461,58.59,52.3846933687884,2016,0,0,0,0,1,0,0,0,0,0,0,0,0,0
228,Niger,Sub-Saharan Africa,NER,4.027999877929688,0.27899999999999997,0.659,54.26,16.4118086366148,2016,0,0,0,0,0,0,0,0,0,0,0,1,0,0
229,Norway,Northern Europe,NOR,7.5370001792907715,0.992,0.051,70.81,14.3363164960781,2016,0,0,0,0,0,0,0,1,0,0,0,0,0,0
230,Pakistan,Southern Asia,PAK,5.269000053405762,0.745,0.55,55.9,264.14913345786596,2016,0,0,0,0,0,0,0,0,0,1,0,0,0,0
231,Panama,Latin America and the Caribbean,PAN,6.452000141143799,1.004,0.465,64.8,54.3055959106807,2016,0,0,0,0,1,0,0,0,0,0,0,0,0,0
232,Paraguay,Latin America and the Caribbean,PRY,5.493000030517578,0.966,0.483,61.46,17.0598338786811,2016,0,0,0,0,1,0,0,0,0,0,0,0,0,0
233,Peru,Latin America and the Caribbean,PER,5.7150001525878915,0.95,0.385,67.4,24.1609625,2016,0,0,0,0,1,0,0,0,0,0,0,0,0,0
234,Philippines,South-eastern Asia,PHL,5.429999828338623,1.0070000000000001,0.424,63.08,347.66719321192596,2016,0,0,0,0,0,0,0,0,1,0,0,0,0,0
235,Poland,Eastern Europe,POL,5.9730000495910645,1.0090000000000001,0.136,69.29,124.008253045495,2016,0,0,0,1,0,0,0,0,0,0,0,0,0,0
236,Portugal,Southern Europe,PRT,5.195000171661377,0.9840000000000001,0.094,65.08,112.71638943828998,2016,0,0,0,0,0,0,0,0,0,0,1,0,0,0
237,Qatar,Western Asia,QAT,6.375,1.041,0.537,70.71,228.628251507321,2016,0,0,0,0,0,0,0,0,0,0,0,0,1,0
238,Romania,Eastern Europe,ROU,5.824999809265138,0.985,0.34600000000000003,65.64,85.63252781641171,2016,0,0,0,1,0,0,0,0,0,0,0,0,0,0
239,Russia,Eastern Europe,RUS,5.9629998207092285,1.016,0.278,50.55,8.8137962870805,2016,0,0,0,1,0,0,0,0,0,0,0,0,0,0
240,Rwanda,Sub-Saharan Africa,RWA,3.470999956130981,0.937,0.413,63.07,472.99627077422,2016,0,0,0,0,0,0,0,0,0,0,0,1,0,0
241,Saudi Arabia,Western Asia,SAU,6.3439998626708975,0.879,0.24100000000000002,62.09,15.0917443910517,2016,0,0,0,0,0,0,0,0,0,0,0,0,1,0
242,Senegal,Sub-Saharan Africa,SEN,4.5349998474121085,0.8759999999999999,0.528,58.09,77.87632057341709,2016,0,0,0,0,0,0,0,0,0,0,0,1,0,0
243,Serbia,Southern Europe,SRB,5.394999980926514,0.9740000000000001,0.17600000000000002,62.11,80.7034301394923,2016,0,0,0,0,0,0,0,0,0,0,1,0,0,0
244,Sierra Leone,Sub-Saharan Africa,SLE,4.709000110626222,0.878,0.649,52.31,101.535577722361,2016,0,0,0,0,0,0,0,0,0,0,0,1,0,0
245,Singapore,South-eastern Asia,SGP,6.572000026702881,0.9840000000000001,0.066,87.78,7908.72056321932,2016,0,0,0,0,0,0,0,0,1,0,0,0,0,0
246,Slovakia,Eastern Europe,SVK,6.0980000495910645,0.993,0.184,66.55,112.953369384359,2016,0,0,0,1,0,0,0,0,0,0,0,0,0,0
247,Slovenia,Southern Europe,SVN,5.757999897003174,1.004,0.057999999999999996,60.63,102.52418081921499,2016,0,0,0,0,0,0,0,0,0,0,1,0,0,0
248,South Africa,Sub-Saharan Africa,ZAF,4.828999996185303,0.982,0.426,61.9,46.330984510629904,2016,0,0,0,0,0,0,0,0,0,0,0,1,0,0
249,South Korea,Eastern Asia,KOR,5.8379998207092285,0.9329999999999999,0.063,71.74,525.656278622769,2016,0,0,1,0,0,0,0,0,0,0,0,0,0,0
250,Spain,Southern Europe,ESP,6.402999877929688,0.981,0.08,68.48,93.0482790070529,2016,0,0,0,0,0,0,0,0,0,0,1,0,0,0
251,Sri Lanka,Southern Asia,LKA,4.440000057220459,0.9359999999999999,0.384,59.88,338.111943868601,2016,0,0,0,0,0,0,0,0,0,1,0,0,0,0
252,Sweden,Northern Europe,SWE,7.283999919891357,0.982,0.044000000000000004,71.96,24.3624880312293,2016,0,0,0,0,0,0,0,1,0,0,0,0,0,0
253,Switzerland,Western Europe,CHE,7.49399995803833,0.9640000000000001,0.043,81.03,211.89740340796,2016,0,0,0,0,0,0,0,0,0,0,0,0,0,1
254,Tajikistan,Central Asia,TJK,5.040999889373778,0.7959999999999999,0.37,51.33,62.422213415952214,2016,0,1,0,0,0,0,0,0,0,0,0,0,0,0
255,Tanzania,Sub-Saharan Africa,TZA,3.3489999771118164,0.934,0.541,58.46,59.890257394445705,2016,0,0,0,0,0,0,0,0,0,0,0,1,0,0
256,Thailand,South-eastern Asia,THA,6.423999786376952,0.997,0.374,63.86,135.002311652215,2016,0,0,0,0,0,0,0,0,1,0,0,0,0,0
257,Togo,Sub-Saharan Africa,TGO,3.494999885559082,0.797,0.57,53.64,138.075969847398,2016,0,0,0,0,0,0,0,0,0,0,0,1,0,0
258,Trinidad and Tobago,Latin America and the Caribbean,TTO,6.168000221252441,0.998,0.32799999999999996,62.91,268.530994152047,2016,0,0,0,0,1,0,0,0,0,0,0,0,0,0
259,Tunisia,Northern Africa,TUN,4.804999828338623,0.899,0.298,57.55,72.7596936148301,2016,0,0,0,0,0,1,0,0,0,0,0,0,0,0
260,Turkey,Western Asia,TUR,5.5,0.922,0.326,62.07,103.714413419435,2016,0,0,0,0,0,0,0,0,0,0,0,0,1,0
261,Uganda,Sub-Saharan Africa,UGA,4.080999851226807,0.863,0.536,59.26,197.723449032515,2016,0,0,0,0,0,0,0,0,0,0,0,1,0,0
262,Ukraine,Eastern Europe,UKR,4.0960001945495605,0.995,0.294,46.76,77.6893179581902,2016,0,0,0,1,0,0,0,0,0,0,0,0,0,0
263,United Arab Emirates,Western Asia,ARE,6.6479997634887695,0.963,0.16,72.55,131.807659814137,2016,0,0,0,0,0,0,0,0,0,0,0,0,1,0
264,United Kingdom,Northern Europe,GBR,6.714000225067139,0.9670000000000001,0.138,76.41,271.134481048237,2016,0,0,0,0,0,0,0,1,0,0,0,0,0,0
265,United States,Northern America,USA,6.993000030517577,0.9940000000000001,0.21100000000000002,75.44,35.3183019911625,2016,0,0,0,0,0,0,1,0,0,0,0,0,0,0
266,Uruguay,Latin America and the Caribbean,URY,6.453999996185303,1.016,0.28600000000000003,68.75,19.5642326591247,2016,0,0,0,0,1,0,0,0,0,0,0,0,0,0
267,Uzbekistan,Central Asia,UZB,5.9710001945495605,0.937,0.303,46.02,74.8657733897508,2016,0,1,0,0,0,0,0,0,0,0,0,0,0,0
268,Venezuela,Latin America and the Caribbean,VEN,5.25,1.0170000000000001,0.48100000000000004,33.74,33.83728700187061,2016,0,0,0,0,1,0,0,0,0,0,0,0,0,0
269,Vietnam,South-eastern Asia,VNM,5.073999881744385,1.005,0.32299999999999995,53.99,301.992208211049,2016,0,0,0,0,0,0,0,0,1,0,0,0,0,0
270,Zambia,Sub-Saharan Africa,ZMB,4.513999938964844,0.941,0.5479999999999999,58.79,22.0120085015941,2016,0,0,0,0,0,0,0,0,0,0,0,1,0,0
271,Zimbabwe,Sub-Saharan Africa,ZWE,3.875,0.9229999999999999,0.535,38.23,36.2682952048598,2016,0,0,0,0,0,0,0,0,0,0,0,1,0,0
272,Afghanistan,Southern Asia,AFG,3.6315000057220463,0.7190000000000001,0.59,48.885715507929966,55.5959930153479,2017,0,0,0,0,0,0,0,0,0,1,0,0,0,0
273,Albania,Southern Europe,ALB,4.585999965667725,0.965,0.23600000000000002,64.35300320144925,104.870693430657,2017,0,0,0,0,0,0,0,0,0,0,1,0,0,0
274,Algeria,Northern Africa,DZA,5.294600009918213,0.8640000000000001,0.447,46.52858106619715,17.3777146120063,2017,0,0,0,0,0,1,0,0,0,0,0,0,0,0
275,Angola,Sub-Saharan Africa,AGO,3.7948000431060787,0.902,0.58,48.515521188919905,23.9165380604797,2017,0,0,0,0,0,0,0,0,0,0,0,1,0,0
276,Argentina,Latin America and the Caribbean,ARG,6.388000011444093,0.991,0.355,50.40908766410897,16.0941907925267,2017,0,0,0,0,1,0,0,0,0,0,0,0,0,0
277,Armenia,Western Asia,ARM,4.3206000328063965,0.971,0.263,70.30601650990394,103.43551106427799,2017,0,0,0,0,0,0,0,0,0,0,0,0,1,0
278,Australia,Australia and New Zealand,AUS,7.27209997177124,0.975,0.10400000000000001,81.01579705677518,3.19836141871706,2017,1,0,0,0,0,0,0,0,0,0,0,0,0,0
279,Austria,Western Europe,AUT,7.139400005340576,0.9640000000000001,0.078,72.26575916648521,106.607445296677,2017,0,0,0,0,0,0,0,0,0,0,0,0,0,1
280,Azerbaijan,Western Asia,AZE,5.2006001472473145,0.94,0.318,63.5990043452017,119.197205757832,2017,0,0,0,0,0,0,0,0,0,0,0,0,1,0
281,Bahrain,Western Asia,BHR,6.105100154876709,0.937,0.223,68.47239105885822,1920.4035236425893,2017,0,0,0,0,0,0,0,0,0,0,0,0,1,0
282,Bangladesh,Southern Asia,BGD,4.5004000663757315,0.894,0.5379999999999999,54.981640001437796,1226.63127448721,2017,0,0,0,0,0,0,0,0,0,1,0,0,0,0
283,Belarus,Eastern Europe,BLR,5.48330020904541,1.013,0.129,58.58884863488248,46.792242075569,2017,0,0,0,1,0,0,0,0,0,0,0,0,0,0
284,Belgium,Western Europe,BEL,6.9268999099731445,0.972,0.05,67.84695432295229,375.66571994716,2017,0,0,0,0,0,0,0,0,0,0,0,0,0,1
285,Belize,Latin America and the Caribbean,BLZ,5.955599784851074,0.98,0.39299999999999996,58.629194766462184,16.4738711091626,2017,0,0,0,0,1,0,0,0,0,0,0,0,0,0
286,Benin,Sub-Saharan Africa,BEN,4.14139986038208,0.871,0.614,59.237727922034026,99.1061014544165,2017,0,0,0,0,0,0,0,0,0,0,0,1,0,0
287,Bhutan,Southern Asia,BTN,5.082099914550781,0.893,0.484,58.44501300316415,19.5461414400175,2017,0,0,0,0,0,0,0,0,0,1,0,0,0,0
288,Bolivia,Latin America and the Caribbean,BOL,5.75190019607544,0.935,0.44799999999999995,47.69645774073839,10.3321831440967,2017,0,0,0,0,1,0,0,0,0,0,0,0,0,0
289,Bosnia and Herzegovina,Southern Europe,BIH,5.12939977645874,0.9229999999999999,0.16699999999999998,60.221982898018254,65.45951171875,2017,0,0,0,0,0,0,0,0,0,0,1,0,0,0
290,Botswana,Sub-Saharan Africa,BWA,3.5897998809814453,0.9890000000000001,0.466,70.10995950015942,3.89096748010516,2017,0,0,0,0,0,0,0,0,0,0,0,1,0,0
291,Brazil,Latin America and the Caribbean,BRA,6.418900012969972,0.995,0.40399999999999997,52.853197658169755,24.866038496603302,2017,0,0,0,0,1,0,0,0,0,0,0,0,0,0
292,Bulgaria,Eastern Europe,BGR,4.93310022354126,0.992,0.22,67.85545596608551,65.1800571112749,2017,0,0,0,1,0,0,0,0,0,0,0,0,0,0
293,Burkina Faso,Sub-Saharan Africa,BFA,4.4243998527526855,0.871,0.612,59.6101958012194,70.1508918128655,2017,0,0,0,0,0,0,0,0,0,0,0,1,0,0
294,Burundi,Sub-Saharan Africa,BDI,2.9045000076293945,1.002,0.521,53.18993114052165,421.61308411215,2017,0,0,0,0,0,0,0,0,0,0,0,1,0,0
295,Cambodia,South-eastern Asia,KHM,4.432600021362305,0.919,0.47600000000000003,59.5182198620783,90.69461817357808,2017,0,0,0,0,0,0,0,0,1,0,0,0,0,0
296,Cameroon,Sub-Saharan Africa,CMR,4.975299835205078,0.8690000000000001,0.5720000000000001,51.811192639170635,51.968532504072286,2017,0,0,0,0,0,0,0,0,0,0,0,1,0,0
297,Canada,Northern America,CAN,7.328499794006348,0.9890000000000001,0.092,78.50749920566189,4.01827985013488,2017,0,0,0,0,0,0,1,0,0,0,0,0,0,0
298,Central African Republic,Sub-Saharan Africa,CAF,3.0829999446868896,0.792,0.684,51.806707937569605,7.37748884394363,2017,0,0,0,0,0,0,0,0,0,0,0,1,0,0
299,Chad,Sub-Saharan Africa,TCD,4.300600051879884,0.775,0.71,49.04266652404457,11.9256456480305,2017,0,0,0,0,0,0,0,0,0,0,0,1,0,0
300,China,Eastern Asia,CHN,5.245800018310547,0.961,0.16399999999999998,57.403493309130475,147.674050750889,2017,0,0,1,0,0,0,0,0,0,0,0,0,0,0
301,Colombia,Latin America and the Caribbean,COL,6.2600998878479,0.987,0.41100000000000003,69.69382492045828,44.0748679585399,2017,0,0,0,0,1,0,0,0,0,0,0,0,0,0
302,Congo (Brazzaville),Sub-Saharan Africa,COG,4.558700084686278,0.93,0.58,40.03138717749541,14.9654524158126,2017,0,0,0,0,0,0,0,0,0,0,0,1,0,0
303,Congo (Kinshasa),Sub-Saharan Africa,COD,4.2449002265930185,0.8440000000000001,0.655,56.409066132369254,35.9051472177499,2017,0,0,0,0,0,0,0,0,0,0,0,1,0,0
304,Costa Rica,Latin America and the Caribbean,CRI,7.071700096130371,0.977,0.303,65.03054660140667,96.94386995691342,2017,0,0,0,0,1,0,0,0,0,0,0,0,0,0
305,Croatia,Southern Europe,HRV,5.321199893951416,0.988,0.128,59.38030965421523,73.7049857040743,2017,0,0,0,0,0,0,0,0,0,0,1,0,0,0
306,Cyprus,Western Asia,CYP,5.762499809265138,0.983,0.087,67.85093191233125,127.67099567099599,2017,0,0,0,0,0,0,0,0,0,0,0,0,1,0
307,Czech Republic,Eastern Europe,CZE,6.710899829864503,0.9840000000000001,0.133,73.34223227013194,137.198109298109,2017,0,0,0,1,0,0,0,0,0,0,0,0,0,0
308,Denmark,Northern Europe,DNK,7.555300235748291,0.981,0.040999999999999995,75.05180721748384,137.294117647059,2017,0,0,0,0,0,0,0,1,0,0,0,0,0,0
309,Dominican Republic,Latin America and the Caribbean,DOM,5.301799774169922,1.006,0.45399999999999996,62.9054075896381,217.618112192093,2017,0,0,0,0,1,0,0,0,0,0,0,0,0,0
310,Ecuador,Latin America and the Caribbean,ECU,5.9731998443603525,0.98,0.39,49.29337120091889,67.5848002899018,2017,0,0,0,0,1,0,0,0,0,0,0,0,0,0
311,Egypt,Northern Africa,EGY,4.4191999435424805,0.875,0.452,52.594283763164654,96.8834125269978,2017,0,0,0,0,0,1,0,0,0,0,0,0,0,0
312,El Salvador,Latin America and the Caribbean,SLV,6.166800022125244,0.9690000000000001,0.39799999999999996,64.12277818126199,308.307046332046,2017,0,0,0,0,1,0,0,0,0,0,0,0,0,0
313,Estonia,Northern Europe,EST,5.739200115203857,1.016,0.11,79.05707917494813,30.3055900621118,2017,0,0,0,0,0,0,0,1,0,0,0,0,0,0
314,Ethiopia,Sub-Saharan Africa,ETH,4.350200176239014,0.8440000000000001,0.512,52.65724783308622,106.400024,2017,0,0,0,0,0,0,0,0,0,0,0,1,0,0
315,Finland,Northern Europe,FIN,7.6321001052856445,0.99,0.055,73.98678112047374,18.124490803198306,2017,0,0,0,0,0,0,0,1,0,0,0,0,0,0
316,France,Western Europe,FRA,6.489299774169923,0.986,0.057999999999999996,63.30015128524671,122.115405252835,2017,0,0,0,0,0,0,0,0,0,0,0,0,0,1
317,Gabon,Sub-Saharan Africa,GAB,4.758299827575684,0.914,0.537,58.603383099978345,8.01343967089688,2017,0,0,0,0,0,0,0,0,0,0,0,1,0,0
318,Georgia,Western Asia,GEO,4.340499877929688,0.9790000000000001,0.354,75.98508577173304,65.2227859617201,2017,0,0,0,0,0,0,0,0,0,0,0,0,1,0
319,Germany,Western Europe,DEU,6.964700222015381,0.968,0.084,73.804488129036,236.595494618731,2017,0,0,0,0,0,0,0,0,0,0,0,0,0,1
320,Ghana,Sub-Saharan Africa,GHA,4.6570000648498535,0.9079999999999999,0.5429999999999999,56.218113473695325,127.983963259207,2017,0,0,0,0,0,0,0,0,0,0,0,1,0,0
321,Greece,Southern Europe,GRC,5.357900142669678,0.963,0.124,55.00132733402413,83.43428238944921,2017,0,0,0,0,0,0,0,0,0,0,1,0,0,0
322,Guatemala,Latin America and the Caribbean,GTM,6.381899833679199,0.945,0.495,63.00650853997132,157.84748040313602,2017,0,0,0,0,1,0,0,0,0,0,0,0,0,0
323,Haiti,Latin America and the Caribbean,HTI,3.5820000171661377,0.889,0.622,49.64707956049421,398.489332365747,2017,0,0,0,0,1,0,0,0,0,0,0,0,0,0
324,Hungary,Eastern Europe,HUN,5.619999885559082,0.9840000000000001,0.27,65.79153557794686,108.11848006185801,2017,0,0,0,1,0,0,0,0,0,0,0,0,0,0
325,Iceland,Northern Europe,ISL,7.495200157165527,0.9670000000000001,0.065,74.38675107945387,3.42543640897756,2017,0,0,0,0,0,0,0,1,0,0,0,0,0,0
326,India,Southern Asia,IND,4.189799785614014,0.8270000000000001,0.522,52.63869885480684,450.243285831043,2017,0,0,0,0,0,0,0,0,0,1,0,0,0,0
327,Indonesia,South-eastern Asia,IDN,5.092599868774414,0.937,0.45299999999999996,61.939132935531404,146.086480787383,2017,0,0,0,0,0,0,0,0,1,0,0,0,0,0
328,Iran,Southern Asia,IRN,4.7066001892089835,0.873,0.488,50.5160704937768,49.53090142194061,2017,0,0,0,0,0,0,0,0,0,1,0,0,0,0
329,Ireland,Northern Europe,IRL,6.977099895477295,0.975,0.10099999999999999,76.74306493782478,69.78353897517779,2017,0,0,0,0,0,0,0,1,0,0,0,0,0,0
330,Israel,Western Asia,ISR,7.190000057220459,0.972,0.10400000000000001,69.73945343473055,402.647874306839,2017,0,0,0,0,0,0,0,0,0,0,0,0,1,0
331,Italy,Southern Europe,ITA,6.000400066375732,0.9670000000000001,0.08,62.53385474590622,205.809169103148,2017,0,0,0,0,0,0,0,0,0,0,1,0,0,0
332,Ivory Coast,Sub-Saharan Africa,CIV,4.6711997985839835,0.792,0.6579999999999999,62.98582428793765,76.8473867924528,2017,0,0,0,0,0,0,0,0,0,0,0,1,0,0
333,Jamaica,Latin America and the Caribbean,JAM,5.889800071716309,0.986,0.408,69.47120791851923,269.700184672207,2017,0,0,0,0,1,0,0,0,0,0,0,0,0,0
334,Japan,Eastern Asia,JPN,5.914999961853027,0.975,0.102,69.57872495976434,347.777586679833,2017,0,0,1,0,0,0,0,0,0,0,0,0,0,0
335,Jordan,Western Asia,JOR,5.160699844360352,0.866,0.47100000000000003,66.67828510322708,110.15063077269699,2017,0,0,0,0,0,0,0,0,0,0,0,0,1,0
336,Kazakhstan,Central Asia,KAZ,5.79010009765625,1.0,0.204,68.98569868046248,6.68140015557284,2017,0,1,0,0,0,0,0,0,0,0,0,0,0,0
337,Kenya,Sub-Saharan Africa,KEN,4.4096999168396,0.932,0.5479999999999999,53.477002698136644,88.2409828864603,2017,0,0,0,0,0,0,0,0,0,0,0,1,0,0
338,Kuwait,Western Asia,KWT,6.083399772644043,1.0,0.251,65.12721000015267,227.614870931538,2017,0,0,0,0,0,0,0,0,0,0,0,0,1,0
339,Kyrgyzstan,Central Asia,KGZ,5.130799770355225,0.96,0.389,61.1261157746957,32.315954118873805,2017,0,1,0,0,0,0,0,0,0,0,0,0,0,0
340,Laos,South-eastern Asia,LAO,4.6230998039245605,0.9229999999999999,0.465,54.00977468561922,30.125801559792,2017,0,0,0,0,0,0,0,0,1,0,0,0,0,0
341,Latvia,Northern Europe,LVA,5.93310022354126,1.03,0.20800000000000002,74.75486617749131,31.2358957864265,2017,0,0,0,0,0,0,0,1,0,0,0,0,0,0
342,Lebanon,Western Asia,LBN,5.19890022277832,0.889,0.395,53.25632947111759,665.872238514174,2017,0,0,0,0,0,0,0,0,0,0,0,0,1,0
343,Lesotho,Sub-Saharan Africa,LSO,3.8081998825073238,1.026,0.545,53.87484387073141,68.8870882740448,2017,0,0,0,0,0,0,0,0,0,0,0,1,0,0
344,Liberia,Sub-Saharan Africa,LBR,3.4953999519348145,0.894,0.659,49.117735882244936,48.8188122923588,2017,0,0,0,0,0,0,0,0,0,0,0,1,0,0
345,Lithuania,Northern Europe,LTU,5.951900005340576,1.0290000000000001,0.129,75.78170439897819,45.151861559541,2017,0,0,0,0,0,0,0,1,0,0,0,0,0,0
346,Luxembourg,Western Europe,LUX,6.909900188446045,0.971,0.065,75.9392152683877,245.40576131687197,2017,0,0,0,0,0,0,0,0,0,0,0,0,0,1
347,Macedonia,Southern Europe,MKD,5.184800148010254,0.946,0.15,70.73627137277477,82.55337034099921,2017,0,0,0,0,0,0,0,0,0,0,1,0,0,0
348,Malawi,Sub-Saharan Africa,MWI,3.586800098419189,0.9279999999999999,0.618,52.19169125314704,187.423207467119,2017,0,0,0,0,0,0,0,0,0,0,0,1,0,0
349,Malaysia,South-eastern Asia,MYS,6.322100162506104,0.973,0.28600000000000003,73.77889296056183,94.6736508902755,2017,0,0,0,0,0,0,0,0,1,0,0,0,0,0
350,Mali,Sub-Saharan Africa,MLI,4.447000026702881,0.8059999999999999,0.677,58.62515851063367,15.171730632114699,2017,0,0,0,0,0,0,0,0,0,0,0,1,0,0
351,Malta,Southern Europe,MLT,6.626599788665772,0.965,0.19699999999999998,67.68818305600313,1462.496875,2017,0,0,0,0,0,0,0,0,0,0,1,0,0,0
352,Mauritania,Sub-Saharan Africa,MRT,4.355500221252441,0.847,0.612,54.41087619606478,4.15501503832347,2017,0,0,0,0,0,0,0,0,0,0,0,1,0,0
353,Mauritius,Sub-Saharan Africa,MUS,5.891499996185303,0.9690000000000001,0.373,74.7104078636529,622.962068965517,2017,0,0,0,0,0,0,0,0,0,0,0,1,0,0
354,Mexico,Latin America and the Caribbean,MEX,6.4882001876831055,0.9570000000000001,0.34600000000000003,63.55098529000914,64.18751716865151,2017,0,0,0,0,1,0,0,0,0,0,0,0,0,0
355,Moldova,Eastern Europe,MDA,5.639699935913086,1.0090000000000001,0.23199999999999998,57.95869208246466,123.635210924165,2017,0,0,0,1,0,0,0,0,0,0,0,0,0,0
356,Mongolia,Eastern Asia,MNG,5.1245999336242685,1.028,0.318,54.76115030618211,2.00428628440485,2017,0,0,1,0,0,0,0,0,0,0,0,0,0,0
357,Montenegro,Southern Europe,MNE,5.3474998474121085,0.9640000000000001,0.128,61.97850658012398,46.2730855018587,2017,0,0,0,0,0,0,0,0,0,0,1,0,0,0
358,Morocco,Northern Africa,MAR,5.253699779510498,0.831,0.494,61.5290137979056,79.72505937710059,2017,0,0,0,0,0,1,0,0,0,0,0,0,0,0
359,Mozambique,Sub-Saharan Africa,MOZ,4.416600227355957,0.899,0.57,49.94578222810322,36.431505124748895,2017,0,0,0,0,0,0,0,0,0,0,0,1,0,0
360,Namibia,Sub-Saharan Africa,NAM,4.441299915313722,1.0090000000000001,0.47,62.54827704187928,2.91829489001445,2017,0,0,0,0,0,0,0,0,0,0,0,1,0,0
361,Nepal,Southern Asia,NPL,4.88040018081665,0.895,0.488,55.108156110339614,192.72496686431802,2017,0,0,0,0,0,0,0,0,0,1,0,0,0,0
362,Netherlands,Western Europe,NLD,7.441299915313722,0.9670000000000001,0.044000000000000004,75.79949400334809,508.497951914515,2017,0,0,0,0,0,0,0,0,0,0,0,0,0,1
363,New Zealand,Australia and New Zealand,NZL,7.323800086975098,0.963,0.13699999999999998,83.74561019876184,18.206296760472398,2017,1,0,0,0,0,0,0,0,0,0,0,0,0,0
364,Nicaragua,Latin America and the Caribbean,NIC,6.140999794006348,1.013,0.45799999999999996,59.19355496781731,53.0567974073459,2017,0,0,0,0,1,0,0,0,0,0,0,0,0,0
365,Niger,Sub-Saharan Africa,NER,4.1655001640319815,0.289,0.649,50.80871111126364,17.054134364885098,2017,0,0,0,0,0,0,0,0,0,0,0,1,0,0
366,Norway,Northern Europe,NOR,7.593699932098389,0.992,0.047,73.97225604617753,14.4525759458847,2017,0,0,0,0,0,0,0,1,0,0,0,0,0,0
367,Pakistan,Southern Asia,PAK,5.4724998474121085,0.745,0.5489999999999999,52.82636989943305,269.687481838937,2017,0,0,0,0,0,0,0,0,0,1,0,0,0,0
368,Panama,Latin America and the Caribbean,PAN,6.429999828338622,1.005,0.462,66.26311188198225,55.24308582189939,2017,0,0,0,0,1,0,0,0,0,0,0,0,0,0
369,Paraguay,Latin America and the Caribbean,PRY,5.680600166320801,0.9670000000000001,0.485,62.43078417830879,17.2843241882708,2017,0,0,0,0,1,0,0,0,0,0,0,0,0,0
370,Peru,Latin America and the Caribbean,PER,5.6631999015808105,0.95,0.38299999999999995,68.89802141383564,24.56585703125,2017,0,0,0,0,1,0,0,0,0,0,0,0,0,0
371,Philippines,South-eastern Asia,PHL,5.524099826812744,1.003,0.42700000000000005,65.6056846130863,352.72919475467,2017,0,0,0,0,0,0,0,0,1,0,0,0,0,0
372,Poland,Eastern Europe,POL,6.123000144958496,1.0090000000000001,0.128,68.26446032120718,124.02373036350001,2017,0,0,0,1,0,0,0,0,0,0,0,0,0,0
373,Portugal,Southern Europe,PRT,5.410399913787842,0.9840000000000001,0.08800000000000001,62.58351194902625,112.441821058412,2017,0,0,0,0,0,0,0,0,0,0,1,0,0,0
374,Qatar,Western Asia,QAT,6.374499797821045,1.045,0.209,73.10322811595853,234.687683031869,2017,0,0,0,0,0,0,0,0,0,0,0,0,1,0
375,Romania,Eastern Europe,ROU,5.945199966430664,0.986,0.316,69.65295002947292,85.1333927329624,2017,0,0,0,1,0,0,0,0,0,0,0,0,0,0
376,Russia,Eastern Europe,RUS,5.809700012207031,1.015,0.262,57.095474288413584,8.82322079860193,2017,0,0,0,1,0,0,0,0,0,0,0,0,0,0
377,Rwanda,Sub-Saharan Africa,RWA,3.4080998897552486,0.9420000000000001,0.41200000000000003,67.5500903593861,485.648034049453,2017,0,0,0,0,0,0,0,0,0,0,0,1,0,0
378,Saudi Arabia,Western Asia,SAU,6.3709001541137695,0.879,0.23199999999999998,64.44271685584101,15.3971721504031,2017,0,0,0,0,0,0,0,0,0,0,0,0,1,0
379,Senegal,Sub-Saharan Africa,SEN,4.6311001777648935,0.8759999999999999,0.524,55.92671705068011,80.08819924167659,2017,0,0,0,0,0,0,0,0,0,0,0,1,0,0
380,Serbia,Southern Europe,SRB,5.398200035095215,0.975,0.168,58.88188830568053,80.275074319689,2017,0,0,0,0,0,0,0,0,0,0,1,0,0,0
381,Sierra Leone,Sub-Saharan Africa,SLE,4.5706000328063965,0.882,0.6459999999999999,52.56894516138721,103.746619562206,2017,0,0,0,0,0,0,0,0,0,0,0,1,0,0
382,Singapore,South-eastern Asia,SGP,6.343200206756593,0.987,0.066,88.58000702158638,7915.730436129109,2017,0,0,0,0,0,0,0,0,1,0,0,0,0,0
383,Slovakia,Eastern Europe,SVK,6.173399925231934,0.9940000000000001,0.187,65.73358741386818,113.128785357737,2017,0,0,0,1,0,0,0,0,0,0,0,0,0,0
384,Slovenia,Southern Europe,SVN,5.9475998878479,1.005,0.053,59.19619144738902,102.59100635951,2017,0,0,0,0,0,0,0,0,0,0,1,0,0,0
385,South Africa,Sub-Saharan Africa,ZAF,4.723999977111816,0.983,0.424,62.284040871834726,46.98781706221301,2017,0,0,0,0,0,0,0,0,0,0,0,1,0,0
386,South Korea,Eastern Asia,KOR,5.874899864196777,0.9329999999999999,0.06,74.25929307081834,527.918010624996,2017,0,0,1,0,0,0,0,0,0,0,0,0,0,0
387,Spain,Southern Europe,ESP,6.3098998069763175,0.981,0.077,63.57241859001415,93.2678044400906,2017,0,0,0,0,0,0,0,0,0,0,1,0,0,0
388,Sri Lanka,Southern Asia,LKA,4.470600128173828,0.937,0.381,57.39437115659229,341.95503109551896,2017,0,0,0,0,0,0,0,0,0,1,0,0,0,0
389,Sweden,Northern Europe,SWE,7.314499855041504,0.982,0.043,74.91320704771934,24.6929807763129,2017,0,0,0,0,0,0,0,1,0,0,0,0,0,0
390,Switzerland,Western Europe,CHE,7.487299919128418,0.963,0.04,81.45214810786206,213.88399107017202,2017,0,0,0,0,0,0,0,0,0,0,0,0,0,1
391,Tajikistan,Central Asia,TJK,5.352499961853027,0.7959999999999999,0.374,58.16732442266079,63.9834858419194,2017,0,1,0,0,0,0,0,0,0,0,0,0,0,0
392,Tanzania,Sub-Saharan Africa,TZA,3.303499937057495,0.9359999999999999,0.539,58.58471991779313,61.711341160532896,2017,0,0,0,0,0,0,0,0,0,0,0,1,0,0
393,Thailand,South-eastern Asia,THA,6.0722999572753915,0.996,0.386,66.2202853715532,135.469196891699,2017,0,0,0,0,0,0,0,0,1,0,0,0,0,0
394,Togo,Sub-Saharan Africa,TGO,3.998500108718872,0.7979999999999999,0.5670000000000001,53.23802792498689,141.54210332781798,2017,0,0,0,0,0,0,0,0,0,0,0,1,0,0
395,Trinidad and Tobago,Latin America and the Caribbean,TTO,6.19189977645874,1.002,0.327,61.22827138825076,269.799610136452,2017,0,0,0,0,1,0,0,0,0,0,0,0,0,0
396,Tunisia,Northern Africa,TUN,4.592400074005127,0.899,0.299,55.71327184541575,73.59322219361479,2017,0,0,0,0,0,1,0,0,0,0,0,0,0,0
397,Turkey,Western Asia,TUR,5.482500076293945,0.924,0.321,65.23095999485169,105.377768538129,2017,0,0,0,0,0,0,0,0,0,0,0,0,1,0
398,Uganda,Sub-Saharan Africa,UGA,4.160799980163573,0.8640000000000001,0.532,60.91296311248573,205.27860063834,2017,0,0,0,0,0,0,0,0,0,0,0,1,0,0
399,Ukraine,Eastern Europe,UKR,4.10290002822876,0.995,0.289,48.09176551731146,77.389796129745,2017,0,0,0,1,0,0,0,0,0,0,0,0,0,0
400,United Arab Emirates,Western Asia,ARE,6.774099826812744,0.965,0.138,76.89449711065518,133.584947901999,2017,0,0,0,0,0,0,0,0,0,0,0,0,1,0
401,United Kingdom,Northern Europe,GBR,6.814300060272218,0.9670000000000001,0.128,76.43171376417799,273.049472988054,2017,0,0,0,0,0,0,0,1,0,0,0,0,0,0
402,United States,Northern America,USA,6.886000156402588,0.9940000000000001,0.20199999999999999,75.13672603387667,35.5452270694906,2017,0,0,0,0,0,0,1,0,0,0,0,0,0,0
403,Uruguay,Latin America and the Caribbean,URY,6.378799915313722,1.016,0.276,69.67034340823889,19.635733059079,2017,0,0,0,0,1,0,0,0,0,0,0,0,0,0
404,Uzbekistan,Central Asia,UZB,6.096099853515625,0.938,0.303,52.264522224033016,76.1368124118477,2017,0,1,0,0,0,0,0,0,0,0,0,0,0,0
405,Venezuela,Latin America and the Caribbean,VEN,4.805600166320801,1.014,0.45899999999999996,26.961475677710578,33.3205702624568,2017,0,0,0,0,1,0,0,0,0,0,0,0,0,0
406,Vietnam,South-eastern Asia,VNM,5.1031999588012695,1.003,0.318,52.43755104523467,305.08156867804,2017,0,0,0,0,0,0,0,0,1,0,0,0,0,0
407,Zambia,Sub-Saharan Africa,ZMB,4.3770999908447275,0.946,0.5429999999999999,55.7994262762815,22.671394557365602,2017,0,0,0,0,0,0,0,0,0,0,0,1,0,0
408,Zimbabwe,Sub-Saharan Africa,ZWE,3.692300081253052,0.924,0.528,44.049860042444685,36.80171901253721,2017,0,0,0,0,0,0,0,0,0,0,0,1,0,0
409,Afghanistan,Southern Asia,AFG,3.2032999992370605,0.723,0.575,51.3,56.937760009803,2018,0,0,0,0,0,0,0,0,0,1,0,0,0,0
410,Albania,Southern Europe,ALB,4.718599796295166,0.971,0.23399999999999999,64.5,104.61226277372299,2018,0,0,0,0,0,0,0,0,0,0,1,0,0,0
411,Algeria,Northern Africa,DZA,5.2112998962402335,0.865,0.44299999999999995,44.7,17.7300750711665,2018,0,0,0,0,0,1,0,0,0,0,0,0,0,0
412,Argentina,Latin America and the Caribbean,ARG,6.0862998962402335,0.988,0.354,52.3,16.2585100979651,2018,0,0,0,0,1,0,0,0,0,0,0,0,0,0
413,Armenia,Western Asia,ARM,4.5594000816345215,0.972,0.259,68.7,103.68022479803301,2018,0,0,0,0,0,0,0,0,0,0,0,0,1,0
414,Australia,Australia and New Zealand,AUS,7.228000164031982,0.975,0.10300000000000001,80.9,3.24912948744283,2018,1,0,0,0,0,0,0,0,0,0,0,0,0,0
415,Austria,Western Europe,AUT,7.245999813079834,0.963,0.073,71.8,107.20692666757799,2018,0,0,0,0,0,0,0,0,0,0,0,0,0,1
416,Azerbaijan,Western Asia,AZE,5.207699775695801,0.94,0.321,64.3,120.265319946776,2018,0,0,0,0,0,0,0,0,0,0,0,0,1,0
417,Bahrain,Western Asia,BHR,6.199399948120117,0.937,0.207,67.7,2017.27369979138,2018,0,0,0,0,0,0,0,0,0,0,0,0,1,0
418,Bangladesh,Southern Asia,BGD,4.45580005645752,0.895,0.536,55.1,1239.57931166936,2018,0,0,0,0,0,0,0,0,0,1,0,0,0,0
419,Belarus,Eastern Europe,BLR,5.322500228881836,1.01,0.11900000000000001,58.1,46.7287999040892,2018,0,0,0,1,0,0,0,0,0,0,0,0,0,0
420,Belgium,Western Europe,BEL,6.922999858856201,0.972,0.045,67.5,377.21492734478204,2018,0,0,0,0,0,0,0,0,0,0,0,0,0,1
421,Benin,Sub-Saharan Africa,BEN,4.883200168609619,0.883,0.613,56.7,101.853919829727,2018,0,0,0,0,0,0,0,0,0,0,0,1,0,0
422,Bhutan,Southern Asia,BTN,5.082099914550781,0.893,0.436,61.8,19.7775277714448,2018,0,0,0,0,0,0,0,0,0,1,0,0,0,0
423,Bolivia,Latin America and the Caribbean,BOL,5.779300212860107,0.9359999999999999,0.446,44.1,10.4801458506416,2018,0,0,0,0,1,0,0,0,0,0,0,0,0,0
424,Bosnia and Herzegovina,Southern Europe,BIH,5.386499881744385,0.924,0.162,61.4,64.92048828125,2018,0,0,0,0,0,0,0,0,0,0,1,0,0,0
425,Botswana,Sub-Saharan Africa,BWA,3.4883999824523926,0.99,0.46399999999999997,69.9,3.9774248760432704,2018,0,0,0,0,0,0,0,0,0,0,0,1,0,0
426,Brazil,Latin America and the Caribbean,BRA,6.299799919128418,0.995,0.386,51.4,25.061716243087602,2018,0,0,0,0,1,0,0,0,0,0,0,0,0,0
427,Bulgaria,Eastern Europe,BGR,5.011000156402588,0.993,0.218,68.3,64.7035372144436,2018,0,0,0,1,0,0,0,0,0,0,0,0,0,0
428,Burkina Faso,Sub-Saharan Africa,BFA,4.5868000984191895,0.875,0.612,60.0,72.1912828947368,2018,0,0,0,0,0,0,0,0,0,0,0,1,0,0
429,Burundi,Sub-Saharan Africa,BDI,3.775300025939941,1.003,0.52,50.9,435.17827102803705,2018,0,0,0,0,0,0,0,0,0,0,0,1,0,0
430,Cambodia,South-eastern Asia,KHM,4.69980001449585,0.919,0.474,58.7,92.05641287106279,2018,0,0,0,0,0,0,0,0,1,0,0,0,0,0
431,Cameroon,Sub-Saharan Africa,CMR,5.043700218200684,0.8690000000000001,0.5660000000000001,51.9,53.3439889149796,2018,0,0,0,0,0,0,0,0,0,0,0,1,0,0
432,Canada,Northern America,CAN,7.27810001373291,0.9890000000000001,0.083,77.7,4.07530821431988,2018,0,0,0,0,0,0,1,0,0,0,0,0,0,0
433,Central African Republic,Sub-Saharan Africa,CAF,3.0829999446868896,0.795,0.682,49.2,7.4904122122700585,2018,0,0,0,0,0,0,0,0,0,0,0,1,0,0
434,Chad,Sub-Saharan Africa,TCD,4.349500179290772,0.774,0.701,49.3,12.2917336404066,2018,0,0,0,0,0,0,0,0,0,0,0,1,0,0
435,Chile,Latin America and the Caribbean,CHL,6.443999767303468,0.9620000000000001,0.28800000000000003,75.2,25.189446066651893,2018,0,0,0,0,1,0,0,0,0,0,0,0,0,0
436,China,Eastern Asia,CHN,5.190899848937988,0.961,0.163,57.8,148.348833270666,2018,0,0,1,0,0,0,0,0,0,0,0,0,0,0
437,Colombia,Latin America and the Caribbean,COL,6.124800205230713,0.986,0.41100000000000003,68.9,44.7487021180712,2018,0,0,0,0,1,0,0,0,0,0,0,0,0,0
438,Congo (Brazzaville),Sub-Saharan Africa,COG,4.811500072479248,0.9309999999999999,0.579,38.9,15.3568462664715,2018,0,0,0,0,0,0,0,0,0,0,0,1,0,0
439,Congo (Kinshasa),Sub-Saharan Africa,COD,4.418099880218506,0.8440000000000001,0.655,52.1,37.0825923557045,2018,0,0,0,0,0,0,0,0,0,0,0,1,0,0
440,Costa Rica,Latin America and the Caribbean,CRI,7.167399883270264,0.977,0.285,65.6,97.91306306306309,2018,0,0,0,0,1,0,0,0,0,0,0,0,0,0
441,Croatia,Southern Europe,HRV,5.43179988861084,0.9890000000000001,0.122,61.0,73.0771979985704,2018,0,0,0,0,0,0,0,0,0,0,1,0,0,0
442,Cyprus,Western Asia,CYP,6.04580020904541,0.983,0.086,67.8,128.708333333333,2018,0,0,0,0,0,0,0,0,0,0,0,0,1,0
443,Czech Republic,Eastern Europe,CZE,6.852099895477295,0.983,0.13699999999999998,74.2,137.602887852888,2018,0,0,0,1,0,0,0,0,0,0,0,0,0,0
444,Denmark,Northern Europe,DNK,7.600100040435791,0.98,0.04,76.6,138.067301738509,2018,0,0,0,0,0,0,0,1,0,0,0,0,0,0
445,Dominican Republic,Latin America and the Caribbean,DOM,5.425300121307373,1.003,0.45299999999999996,61.6,219.97857586421,2018,0,0,0,0,1,0,0,0,0,0,0,0,0,0
446,Ecuador,Latin America and the Caribbean,ECU,6.027599811553955,0.98,0.389,48.5,68.7886817522951,2018,0,0,0,0,1,0,0,0,0,0,0,0,0,0
447,Egypt,Northern Africa,EGY,4.1655001640319815,0.878,0.45,53.4,98.8734692852479,2018,0,0,0,0,0,1,0,0,0,0,0,0,0,0
448,El Salvador,Latin America and the Caribbean,SLV,6.253099918365479,0.9690000000000001,0.397,63.2,309.88146718146703,2018,0,0,0,0,1,0,0,0,0,0,0,0,0,0
449,Estonia,Northern Europe,EST,5.8934998512268075,1.016,0.091,78.8,30.386105360018398,2018,0,0,0,0,0,0,0,1,0,0,0,0,0,0
450,Ethiopia,Sub-Saharan Africa,ETH,4.285799980163573,0.8440000000000001,0.508,52.8,109.224559,2018,0,0,0,0,0,0,0,0,0,0,0,1,0,0
451,Finland,Northern Europe,FIN,7.768899917602539,0.99,0.05,74.1,18.1568556480537,2018,0,0,0,0,0,0,0,1,0,0,0,0,0,0
452,France,Western Europe,FRA,6.592100143432617,0.9840000000000001,0.051,63.9,122.33839573919902,2018,0,0,0,0,0,0,0,0,0,0,0,0,0,1
453,Gabon,Sub-Saharan Africa,GAB,4.799200057983398,0.917,0.534,58.0,8.224764233321691,2018,0,0,0,0,0,0,0,0,0,0,0,1,0,0
454,Gambia,Sub-Saharan Africa,GMB,4.5163002014160165,0.8320000000000001,0.62,52.3,225.30652173912998,2018,0,0,0,0,0,0,0,0,0,0,0,1,0,0
455,Georgia,Western Asia,GEO,4.5191001892089835,0.9790000000000001,0.35100000000000003,76.2,65.2752020714511,2018,0,0,0,0,0,0,0,0,0,0,0,0,1,0
456,Germany,Western Europe,DEU,6.985000133514403,0.968,0.084,74.2,237.3709697733,2018,0,0,0,0,0,0,0,0,0,0,0,0,0,1
457,Ghana,Sub-Saharan Africa,GHA,4.996300220489502,0.912,0.541,56.0,130.821429199262,2018,0,0,0,0,0,0,0,0,0,0,0,1,0,0
458,Greece,Southern Europe,GRC,5.286699771881104,0.963,0.122,57.3,83.22473235065941,2018,0,0,0,0,0,0,0,0,0,0,1,0,0,0
459,Guatemala,Latin America and the Caribbean,GTM,6.436200141906737,0.943,0.49200000000000005,63.4,160.953779395297,2018,0,0,0,0,1,0,0,0,0,0,0,0,0,0
460,Haiti,Latin America and the Caribbean,HTI,3.59689998626709,0.89,0.62,55.8,403.59854862118993,2018,0,0,0,0,1,0,0,0,0,0,0,0,0,0
461,Honduras,Latin America and the Caribbean,HND,5.860400199890138,0.97,0.479,60.6,85.6870319063366,2018,0,0,0,0,1,0,0,0,0,0,0,0,0,0
462,Hungary,Eastern Europe,HUN,5.758299827575684,0.9840000000000001,0.258,66.7,107.906605545123,2018,0,0,0,1,0,0,0,0,0,0,0,0,0,0
463,Iceland,Northern Europe,ISL,7.493599891662598,0.966,0.057,77.0,3.52692269326683,2018,0,0,0,0,0,0,0,1,0,0,0,0,0,0
464,India,Southern Asia,IND,4.015200138092041,0.8290000000000001,0.501,54.5,454.93807257524696,2018,0,0,0,0,0,0,0,0,0,1,0,0,0,0
465,Indonesia,South-eastern Asia,IDN,5.192399978637695,0.937,0.451,64.2,147.75219008926,2018,0,0,0,0,0,0,0,0,1,0,0,0,0,0
466,Iran,Southern Asia,IRN,4.547999858856201,0.8740000000000001,0.49200000000000005,50.9,50.222420123283996,2018,0,0,0,0,0,0,0,0,0,1,0,0,0,0
467,Ireland,Northern Europe,IRL,7.021100044250487,0.975,0.09300000000000001,80.4,70.452983016403,2018,0,0,0,0,0,0,0,1,0,0,0,0,0,0
468,Israel,Western Asia,ISR,7.138700008392334,0.972,0.1,72.2,410.526802218115,2018,0,0,0,0,0,0,0,0,0,0,0,0,1,0
469,Italy,Southern Europe,ITA,6.223400115966798,0.9670000000000001,0.069,62.5,205.45074794315602,2018,0,0,0,0,0,0,0,0,0,0,1,0,0,0
470,Ivory Coast,Sub-Saharan Africa,CIV,4.94379997253418,0.7959999999999999,0.657,62.0,78.8340534591195,2018,0,0,0,0,0,0,0,0,0,0,0,1,0,0
471,Jamaica,Latin America and the Caribbean,JAM,5.889800071716309,0.986,0.405,69.1,270.993074792244,2018,0,0,0,0,1,0,0,0,0,0,0,0,0,0
472,Japan,Eastern Asia,JPN,5.886099815368652,0.976,0.099,72.3,347.0734584156241,2018,0,0,1,0,0,0,0,0,0,0,0,0,0,0
473,Jordan,Western Asia,JOR,4.905700206756592,0.868,0.469,64.9,112.14249831043,2018,0,0,0,0,0,0,0,0,0,0,0,0,1,0
474,Kazakhstan,Central Asia,KAZ,5.808800220489503,0.9990000000000001,0.203,69.1,6.76982590658221,2018,0,1,0,0,0,0,0,0,0,0,0,0,0,0
475,Kenya,Sub-Saharan Africa,KEN,4.508600234985352,0.9329999999999999,0.545,54.7,90.29941666373828,2018,0,0,0,0,0,0,0,0,0,0,0,1,0,0
476,Kuwait,Western Asia,KWT,6.020699977874756,0.9990000000000001,0.245,62.2,232.172222222222,2018,0,0,0,0,0,0,0,0,0,0,0,0,1,0
477,Kyrgyzstan,Central Asia,KGZ,5.260700225830078,0.9590000000000001,0.381,62.8,32.9290928050052,2018,0,1,0,0,0,0,0,0,0,0,0,0,0,0
478,Laos,South-eastern Asia,LAO,4.796299934387207,0.929,0.46299999999999997,53.6,30.5957842287695,2018,0,0,0,0,0,0,0,0,1,0,0,0,0,0
479,Latvia,Northern Europe,LVA,5.939700126647949,1.03,0.16899999999999998,73.6,30.9833065294307,2018,0,0,0,0,0,0,0,1,0,0,0,0,0,0
480,Lebanon,Western Asia,LBN,5.1972999572753915,0.8909999999999999,0.36200000000000004,53.2,669.4941348973608,2018,0,0,0,0,0,0,0,0,0,0,0,0,1,0
481,Lesotho,Sub-Saharan Africa,LSO,3.801899909973145,1.026,0.546,53.9,69.437812911726,2018,0,0,0,0,0,0,0,0,0,0,0,1,0,0
482,Liberia,Sub-Saharan Africa,LBR,3.975300073623657,0.899,0.6509999999999999,50.9,50.030907392026606,2018,0,0,0,0,0,0,0,0,0,0,0,1,0,0
483,Lithuania,Northern Europe,LTU,6.14900016784668,1.028,0.124,75.3,44.5313513780643,2018,0,0,0,0,0,0,0,1,0,0,0,0,0,0
484,Luxembourg,Western Europe,LUX,7.0903000831604,0.97,0.078,76.4,250.09382716049402,2018,0,0,0,0,0,0,0,0,0,0,0,0,0,1
485,Macedonia,Southern Europe,MKD,5.273600101470947,0.9470000000000001,0.145,71.3,82.59151467089609,2018,0,0,0,0,0,0,0,0,0,0,1,0,0,0
486,Malawi,Sub-Saharan Africa,MWI,3.4098000526428223,0.93,0.615,52.0,192.440761561307,2018,0,0,0,0,0,0,0,0,0,0,0,1,0,0
487,Malaysia,South-eastern Asia,MYS,5.338799953460693,0.972,0.27399999999999997,74.5,95.9628214883579,2018,0,0,0,0,0,0,0,0,1,0,0,0,0,0
488,Mali,Sub-Saharan Africa,MLI,4.390399932861328,0.807,0.6759999999999999,57.6,15.635015858186,2018,0,0,0,0,0,0,0,0,0,0,0,1,0,0
489,Malta,Southern Europe,MLT,6.725599765777588,0.965,0.195,68.5,1511.03125,2018,0,0,0,0,0,0,0,0,0,0,1,0,0,0
490,Mauritania,Sub-Saharan Africa,MRT,4.490300178527832,0.853,0.62,54.0,4.27216357815077,2018,0,0,0,0,0,0,0,0,0,0,0,1,0,0
491,Mauritius,Sub-Saharan Africa,MUS,5.888199806213379,0.9740000000000001,0.369,75.1,623.30197044335,2018,0,0,0,0,0,0,0,0,0,0,0,1,0,0
492,Mexico,Latin America and the Caribbean,MEX,6.5945000648498535,0.9570000000000001,0.33399999999999996,64.8,64.9146264050001,2018,0,0,0,0,1,0,0,0,0,0,0,0,0,0
493,Moldova,Eastern Europe,MDA,5.5285000801086435,1.0070000000000001,0.228,58.4,123.51980353224,2018,0,0,0,1,0,0,0,0,0,0,0,0,0,0
494,Mongolia,Eastern Asia,MNG,5.285399913787842,1.031,0.322,55.7,2.0406086665465097,2018,0,0,1,0,0,0,0,0,0,0,0,0,0,0
495,Montenegro,Southern Europe,MNE,5.522900104522705,0.966,0.11900000000000001,64.3,46.271003717472105,2018,0,0,0,0,0,0,0,0,0,0,1,0,0,0
496,Morocco,Northern Africa,MAR,5.208099842071533,0.833,0.49200000000000005,61.9,80.72851893345279,2018,0,0,0,0,0,1,0,0,0,0,0,0,0,0
497,Mozambique,Sub-Saharan Africa,MOZ,4.46619987487793,0.9009999999999999,0.569,46.3,37.508535313716,2018,0,0,0,0,0,0,0,0,0,0,0,1,0,0
498,Namibia,Sub-Saharan Africa,NAM,4.639200210571289,1.0090000000000001,0.46,58.5,2.9737455817512704,2018,0,0,0,0,0,0,0,0,0,0,0,1,0,0
499,Nepal,Southern Asia,NPL,4.912700176239014,0.909,0.47600000000000003,54.1,195.939107080572,2018,0,0,0,0,0,0,0,0,0,1,0,0,0,0
500,Netherlands,Western Europe,NLD,7.487599849700928,0.9670000000000001,0.040999999999999995,76.2,511.4579103591569,2018,0,0,0,0,0,0,0,0,0,0,0,0,0,1
501,New Zealand,Australia and New Zealand,NZL,7.307499885559082,0.963,0.133,84.2,18.5541756864532,2018,1,0,0,0,0,0,0,0,0,0,0,0,0,0
502,Nicaragua,Latin America and the Caribbean,NIC,6.105000019073486,1.013,0.455,58.9,53.7270483629716,2018,0,0,0,0,1,0,0,0,0,0,0,0,0,0
503,Niger,Sub-Saharan Africa,NER,4.627500057220459,0.298,0.647,49.5,17.717650588142398,2018,0,0,0,0,0,0,0,0,0,0,0,1,0,0
504,Norway,Northern Europe,NOR,7.5538997650146475,0.99,0.044000000000000004,74.3,14.554919537497499,2018,0,0,0,0,0,0,0,1,0,0,0,0,0,0
505,Pakistan,Southern Asia,PAK,5.652999877929688,0.747,0.547,54.4,275.28931870070596,2018,0,0,0,0,0,0,0,0,0,1,0,0,0,0
506,Panama,Latin America and the Caribbean,PAN,6.321300029754639,1.005,0.46,67.0,56.1860774818402,2018,0,0,0,0,1,0,0,0,0,0,0,0,0,0
507,Paraguay,Latin America and the Caribbean,PRY,5.7427000999450675,0.968,0.48200000000000004,62.1,17.5083589227284,2018,0,0,0,0,1,0,0,0,0,0,0,0,0,0
508,Peru,Latin America and the Caribbean,PER,5.697100162506104,0.951,0.381,68.7,24.99160625,2018,0,0,0,0,1,0,0,0,0,0,0,0,0,0
509,Philippines,South-eastern Asia,PHL,5.631400108337402,1.004,0.425,65.0,357.688305329175,2018,0,0,0,0,0,0,0,0,1,0,0,0,0,0
510,Poland,Eastern Europe,POL,6.181700229644775,1.0090000000000001,0.12,68.5,124.035886214442,2018,0,0,0,1,0,0,0,0,0,0,0,0,0,0
511,Portugal,Southern Europe,PRT,5.692500114440918,0.9840000000000001,0.081,63.4,112.23945350806999,2018,0,0,0,0,0,0,0,0,0,0,1,0,0,0
512,Qatar,Western Asia,QAT,6.374499797821045,1.043,0.20199999999999999,72.6,239.59319552110298,2018,0,0,0,0,0,0,0,0,0,0,0,0,1,0
513,Romania,Eastern Europe,ROU,6.069699764251709,0.986,0.316,69.4,84.6398470097357,2018,0,0,0,1,0,0,0,0,0,0,0,0,0,0
514,Russia,Eastern Europe,RUS,5.647900104522705,1.015,0.255,58.2,8.82207955488442,2018,0,0,0,1,0,0,0,0,0,0,0,0,0,0
515,Rwanda,Sub-Saharan Africa,RWA,3.3338000774383545,0.943,0.41200000000000003,69.1,498.659870287799,2018,0,0,0,0,0,0,0,0,0,0,0,1,0,0
516,Saudi Arabia,Western Asia,SAU,6.37470006942749,0.879,0.22399999999999998,59.6,15.6766543082956,2018,0,0,0,0,0,0,0,0,0,0,0,0,1,0
517,Senegal,Sub-Saharan Africa,SEN,4.681099891662598,0.873,0.523,55.7,82.3474783150678,2018,0,0,0,0,0,0,0,0,0,0,0,1,0,0
518,Serbia,Southern Europe,SRB,5.6030001640319815,0.976,0.162,62.5,79.8317402241024,2018,0,0,0,0,0,0,0,0,0,0,1,0,0,0
519,Sierra Leone,Sub-Saharan Africa,SLE,4.374199867248535,0.882,0.644,51.8,105.987170961485,2018,0,0,0,0,0,0,0,0,0,0,0,1,0,0
520,Singapore,South-eastern Asia,SGP,6.26200008392334,0.988,0.065,88.8,7952.9984184018,2018,0,0,0,0,0,0,0,0,1,0,0,0,0,0
521,Slovakia,Eastern Europe,SVK,6.1975998878479,0.992,0.19,65.3,113.290578202995,2018,0,0,0,1,0,0,0,0,0,0,0,0,0,0
522,Slovenia,Southern Europe,SVN,6.1177000999450675,1.003,0.069,64.8,102.639859503382,2018,0,0,0,0,0,0,0,0,0,0,1,0,0,0
523,South Africa,Sub-Saharan Africa,ZAF,4.7221999168396,0.9840000000000001,0.42200000000000004,63.0,47.630119776768396,2018,0,0,0,0,0,0,0,0,0,0,0,1,0,0
524,South Korea,Eastern Asia,KOR,5.894700050354004,0.934,0.057999999999999996,73.8,529.652103632681,2018,0,0,1,0,0,0,0,0,0,0,0,0,0,0
525,Spain,Southern Europe,ESP,6.354100227355957,0.981,0.07400000000000001,65.1,93.5290582615872,2018,0,0,0,0,0,0,0,0,0,0,1,0,0,0
526,Sri Lanka,Southern Asia,LKA,4.3659000396728525,0.938,0.38,57.8,345.558922022006,2018,0,0,0,0,0,0,0,0,0,1,0,0,0,0
527,Swaziland,Sub-Saharan Africa,SWZ,4.211599826812743,0.9620000000000001,0.579,55.9,66.05761627906979,2018,0,0,0,0,0,0,0,0,0,0,0,1,0,0
528,Sweden,Northern Europe,SWE,7.343299865722656,0.982,0.04,76.3,25.001043431293105,2018,0,0,0,0,0,0,0,1,0,0,0,0,0,0
529,Switzerland,Western Europe,CHE,7.4801998138427725,0.963,0.037000000000000005,81.7,215.521378417094,2018,0,0,0,0,0,0,0,0,0,0,0,0,0,1
530,Tajikistan,Central Asia,TJK,5.467299938201903,0.799,0.377,58.3,65.57271417249079,2018,0,1,0,0,0,0,0,0,0,0,0,0,0,0
531,Tanzania,Sub-Saharan Africa,TZA,3.2307000160217285,0.9359999999999999,0.539,59.9,63.579078798825904,2018,0,0,0,0,0,0,0,0,0,0,0,1,0,0
532,Thailand,South-eastern Asia,THA,6.007999897003174,0.995,0.377,67.1,135.897206835131,2018,0,0,0,0,0,0,0,0,1,0,0,0,0,0
533,Togo,Sub-Saharan Africa,TGO,4.08489990234375,0.818,0.5660000000000001,47.8,145.04677330391598,2018,0,0,0,0,0,0,0,0,0,0,0,1,0,0
534,Trinidad and Tobago,Latin America and the Caribbean,TTO,6.19189977645874,1.002,0.324,57.7,270.927485380117,2018,0,0,0,0,1,0,0,0,0,0,0,0,0,0
535,Tunisia,Northern Africa,TUN,4.460599899291992,0.899,0.3,58.9,74.44132337796091,2018,0,0,0,0,0,1,0,0,0,0,0,0,0,0
536,Turkey,Western Asia,TUR,5.372600078582764,0.924,0.305,65.4,106.960128893104,2018,0,0,0,0,0,0,0,0,0,0,0,0,1,0
537,Uganda,Sub-Saharan Africa,UGA,4.18940019607544,0.863,0.531,62.0,213.06173449032502,2018,0,0,0,0,0,0,0,0,0,0,0,1,0,0
538,Ukraine,Eastern Europe,UKR,4.332200050354004,0.995,0.284,51.9,77.02966735141291,2018,0,0,0,1,0,0,0,0,0,0,0,0,0,0
539,United Arab Emirates,Western Asia,ARE,6.82450008392334,0.965,0.113,77.6,135.609110109828,2018,0,0,0,0,0,0,0,0,0,0,0,0,1,0
540,United Kingdom,Northern Europe,GBR,7.053699970245361,0.9670000000000001,0.11900000000000001,78.0,274.82739222089003,2018,0,0,0,0,0,0,0,1,0,0,0,0,0,0
541,United States,Northern America,USA,6.892300128936768,0.991,0.182,75.7,35.766088580168,2018,0,0,0,0,0,0,1,0,0,0,0,0,0,0
542,Uruguay,Latin America and the Caribbean,URY,6.293300151824951,1.016,0.275,69.2,19.7080276539824,2018,0,0,0,0,1,0,0,0,0,0,0,0,0,0
543,Uzbekistan,Central Asia,UZB,6.174099922180176,0.9390000000000001,0.303,51.5,77.46920545369059,2018,0,1,0,0,0,0,0,0,0,0,0,0,0,0
544,Venezuela,Latin America and the Caribbean,VEN,4.7066001892089835,1.013,0.45799999999999996,25.2,32.7307919052208,2018,0,0,0,0,1,0,0,0,0,0,0,0,0,0
545,Vietnam,South-eastern Asia,VNM,5.175300121307373,1.003,0.314,53.1,308.12524591221296,2018,0,0,0,0,0,0,0,0,1,0,0,0,0,0
546,Zambia,Sub-Saharan Africa,ZMB,4.106599807739259,0.948,0.54,54.3,23.341478900711603,2018,0,0,0,0,0,0,0,0,0,0,0,1,0,0
547,Zimbabwe,Sub-Saharan Africa,ZWE,3.6631999015808105,0.925,0.525,44.0,37.3245909267158,2018,0,0,0,0,0,0,0,0,0,0,0,1,0,0
